match,teamInnings,battingPos,batsmanName,runs,balls,4s,6s,SR,out/not_out,match_id
Afghanistan Vs Ireland,Afghanistan,1,Karim Sadiq,3,6,0,0,50.00,out,T20I # 128
Afghanistan Vs Ireland,Afghanistan,2,Shafiqullah,23,16,3,1,143.75,out,T20I # 128
Afghanistan Vs Ireland,Afghanistan,3,Mohammad Shahzad,10,8,2,0,125.00,out,T20I # 128
Afghanistan Vs Ireland,Afghanistan,4,Nawroz Mangal,27,25,5,0,108.00,out,T20I # 128
Afghanistan Vs Ireland,Afghanistan,5,Asghar Afghan,1,5,0,0,20.00,out,T20I # 128
Afghanistan Vs Ireland,Afghanistan,6,Raees Ahmadzai,33,36,2,0,91.66,not_out,T20I # 128
Afghanistan Vs Ireland,Afghanistan,7,Mohammad Nabi,2,5,0,0,40.00,out,T20I # 128
Afghanistan Vs Ireland,Afghanistan,8,Samiullah Shinwari,14,11,0,1,127.27,out,T20I # 128
Afghanistan Vs Ireland,Afghanistan,9,Hamid Hassan,2,3,0,0,66.66,out,T20I # 128
Afghanistan Vs Ireland,Afghanistan,10,Shapoor Zadran,0,2,0,0,0.00,out,T20I # 128
Afghanistan Vs Ireland,Afghanistan,11,Dawlat Ahmadzai,2,3,0,0,66.66,not_out,T20I # 128
Afghanistan Vs Ireland,Ireland,1,William Porterfield,46,30,9,0,153.33,out,T20I # 128
Afghanistan Vs Ireland,Ireland,2,Niall O'Brien,18,13,3,0,138.46,out,T20I # 128
Afghanistan Vs Ireland,Ireland,3,Paul Stirling,17,29,1,0,58.62,out,T20I # 128
Afghanistan Vs Ireland,Ireland,4,Andre Botha,5,10,0,0,50.00,out,T20I # 128
Afghanistan Vs Ireland,Ireland,5,Kevin O'Brien,1,2,0,0,50.00,out,T20I # 128
Afghanistan Vs Ireland,Ireland,6,John Mooney,8,9,1,0,88.88,not_out,T20I # 128
Afghanistan Vs Ireland,Ireland,7,Gary Wilson,16,16,2,0,100.00,not_out,T20I # 128
Scotland Vs Kenya,Scotland,1,Fraser Watts,16,17,2,94.11,13,out,T20I # 129
Scotland Vs Kenya,Scotland,2,Ryan Watson,10,3,130.00,6,6,out,T20I # 129
Scotland Vs Kenya,Scotland,3,Kyle Coetzer,1,0,0,1,0,out,T20I # 129
Scotland Vs Kenya,Scotland,4,Jan Stander,0,0.00,13,0,0,out,T20I # 129
Scotland Vs Kenya,Scotland,5,Gavin Hamilton,61.53,6,0,0,60.00,out,T20I # 129
Scotland Vs Kenya,Scotland,6,Richie Berrington,9,20,0,45.00,4,out,T20I # 129
Scotland Vs Kenya,Scotland,7,Simon Smith,15,0,26.66,21,20,out,T20I # 129
Scotland Vs Kenya,Scotland,8,Ross Lyons,1,1,4,3,1,out,T20I # 129
Scotland Vs Kenya,Scotland,9,Majid Haq,0,133.33,5,1,0,not_out,T20I # 129
Scotland Vs Kenya,Scotland,10,Gordon Goudie,140.00,2,13,6.50,7,out,T20I # 129
Scotland Vs Kenya,Scotland,11,Dewald Nel,1,1,0,2,0,not_out,T20I # 129
Scotland Vs Kenya,Kenya,1,David Obuya,0,25,8,4,0,not_out,T20I # 129
Scotland Vs Kenya,Kenya,2,Steve Tikolo,1,1,0,20,20.00,not_out,T20I # 129
Canada Vs Ireland,Canada,1,Hiral Patel,88,61,9,2,144.26,not_out,T20I # 130
Canada Vs Ireland,Canada,2,Rizwan Cheema,34,30,5,1,113.33,out,T20I # 130
Canada Vs Ireland,Canada,3,Ashish Bagai,42,27,5,0,155.55,out,T20I # 130
Canada Vs Ireland,Canada,4,Umar Bhatti,6,2,0,1,300.00,out,T20I # 130
Canada Vs Ireland,Canada,5,Khurram Chohan,0,0,0,0,-,not_out,T20I # 130
Canada Vs Ireland,Ireland,1,William Porterfield,19,13,3,0,146.15,out,T20I # 130
Canada Vs Ireland,Ireland,2,Niall O'Brien,50,34,5,1,147.05,out,T20I # 130
Canada Vs Ireland,Ireland,3,Paul Stirling,22,17,2,1,129.41,out,T20I # 130
Canada Vs Ireland,Ireland,4,Kevin O'Brien,5,2,1,0,250.00,out,T20I # 130
Canada Vs Ireland,Ireland,5,Gary Wilson,26,22,4,0,118.18,out,T20I # 130
Canada Vs Ireland,Ireland,6,Andre Botha,11,11,1,0,100.00,out,T20I # 130
Canada Vs Ireland,Ireland,7,Trent Johnston,2,3,0,0,66.66,out,T20I # 130
Canada Vs Ireland,Ireland,8,John Mooney,9,5,1,0,180.00,out,T20I # 130
Canada Vs Ireland,Ireland,9,Andrew White,18,13,3,0,138.46,not_out,T20I # 130
Canada Vs Ireland,Ireland,10,Gary Kidd,1,1,0,0,100.00,not_out,T20I # 130
Bangladesh Vs New Zealand,Bangladesh,1,Tamim Iqbal,14,9,3,0,155.55,out,T20I # 131
Bangladesh Vs New Zealand,Bangladesh,2,Mohammad Ashraful,11,14,1,0,78.57,out,T20I # 131
Bangladesh Vs New Zealand,Bangladesh,3,Aftab Ahmed,12,14,1,1,85.71,out,T20I # 131
Bangladesh Vs New Zealand,Bangladesh,4,Shakib Al Hasan,3,5,0,0,60.00,out,T20I # 131
Bangladesh Vs New Zealand,Bangladesh,5,Mushfiqur Rahim,0,1,0,0,0.00,out,T20I # 131
Bangladesh Vs New Zealand,Bangladesh,6,Mahmudullah,11,23,1,0,47.82,out,T20I # 131
Bangladesh Vs New Zealand,Bangladesh,7,Naeem Islam,5,11,0,0,45.45,out,T20I # 131
Bangladesh Vs New Zealand,Bangladesh,8,Raqibul Hasan,18,13,2,1,138.46,out,T20I # 131
Bangladesh Vs New Zealand,Bangladesh,9,Shahadat Hossain,1,3,0,0,33.33,out,T20I # 131
Bangladesh Vs New Zealand,Bangladesh,10,Shafiul Islam,1,9,0,0,11.11,out,T20I # 131
Bangladesh Vs New Zealand,Bangladesh,11,Nazmul Hossain,0,3,0,0,0.00,not_out,T20I # 131
Bangladesh Vs New Zealand,New Zealand,1,Brendon McCullum,2,0,9.00,0,0,not_out,T20I # 131
Bangladesh Vs New Zealand,New Zealand,2,Peter Ingram,1,0,7.00,0,0,not_out,T20I # 131
Canada Vs Afghanistan,Canada,1,Hiral Patel,11,9,2,0,122.22,out,T20I # 132
Canada Vs Afghanistan,Canada,2,Rizwan Cheema,14,14,3,0,100.00,out,T20I # 132
Canada Vs Afghanistan,Canada,3,Abdool Samad,26,32,1,1,81.25,out,T20I # 132
Canada Vs Afghanistan,Canada,4,Ashish Bagai,53,42,7,0,126.19,out,T20I # 132
Canada Vs Afghanistan,Canada,5,Sunil Dhaniram,18,16,1,0,112.50,out,T20I # 132
Canada Vs Afghanistan,Canada,6,Umar Bhatti,4,4,0,0,100.00,not_out,T20I # 132
Canada Vs Afghanistan,Canada,7,Khurram Chohan,8,4,0,1,200.00,out,T20I # 132
Canada Vs Afghanistan,Canada,8,Shaheed Keshvani,0,1,0,0,0.00,not_out,T20I # 132
Canada Vs Afghanistan,Afghanistan,1,Karim Sadiq,42,35,6,1,120.00,out,T20I # 132
Canada Vs Afghanistan,Afghanistan,2,Noor Ali Zadran,31,35,1,0,88.57,out,T20I # 132
Canada Vs Afghanistan,Afghanistan,3,Mohammad Shahzad,18,18,1,0,100.00,out,T20I # 132
Canada Vs Afghanistan,Afghanistan,4,Shafiqullah,9,7,2,0,128.57,out,T20I # 132
Canada Vs Afghanistan,Afghanistan,5,Nawroz Mangal,7,9,0,0,77.77,not_out,T20I # 132
Canada Vs Afghanistan,Afghanistan,6,Mohammad Nabi,23,12,3,0,191.66,out,T20I # 132
Canada Vs Afghanistan,Afghanistan,7,Samiullah Shinwari,8,3,1,0,266.66,not_out,T20I # 132
Scotland Vs Kenya,Scotland,1,Kyle Coetzer,9,9,1,100.00,13,out,T20I # 133
Scotland Vs Kenya,Scotland,2,Ryan Watson,8,2,162.50,0,3,out,T20I # 133
Scotland Vs Kenya,Scotland,3,Fraser Watts,0,0,3,5,0,out,T20I # 133
Scotland Vs Kenya,Scotland,4,Neil McCallum,0,60.00,30,3,0,out,T20I # 133
Scotland Vs Kenya,Scotland,5,Gavin Hamilton,93.33,0,0,0,0.00,out,T20I # 133
Scotland Vs Kenya,Scotland,6,Richie Berrington,45,39,3,115.38,0,out,T20I # 133
Scotland Vs Kenya,Scotland,7,Jan Stander,1,0,0.00,4,8,out,T20I # 133
Scotland Vs Kenya,Scotland,8,Gordon Drummond,0,0,2,7,0,out,T20I # 133
Scotland Vs Kenya,Scotland,9,Simon Smith,0,28.57,5,0,1,not_out,T20I # 133
Scotland Vs Kenya,Scotland,10,Majid Haq,180.00,4,20,5.00,14,out,T20I # 133
Scotland Vs Kenya,Scotland,11,Dewald Nel,2,0,0,4,0,out,T20I # 133
Scotland Vs Kenya,Kenya,1,David Obuya,0,12,6,2,0,not_out,T20I # 133
Scotland Vs Kenya,Kenya,2,Steve Tikolo,0,0,0,22,11.00,not_out,T20I # 133
Australia Vs Pakistan,Australia,1,Shane Watson,8,8,1,0,100.00,out,T20I # 134
Australia Vs Pakistan,Australia,2,David Warner,24,14,1,1,171.42,out,T20I # 134
Australia Vs Pakistan,Australia,3,Michael Clarke,32,26,2,0,123.07,out,T20I # 134
Australia Vs Pakistan,Australia,4,David Hussey,40,31,1,2,129.03,not_out,T20I # 134
Australia Vs Pakistan,Australia,5,Cameron White,4,8,0,0,50.00,out,T20I # 134
Australia Vs Pakistan,Australia,6,Travis Birt,1,2,0,0,50.00,out,T20I # 134
Australia Vs Pakistan,Australia,7,Brad Haddin,1,3,0,0,33.33,out,T20I # 134
Australia Vs Pakistan,Australia,8,Steven Smith,8,8,1,0,100.00,out,T20I # 134
Australia Vs Pakistan,Australia,9,Mitchell Johnson,2,7,0,0,28.57,out,T20I # 134
Australia Vs Pakistan,Australia,10,Dirk Nannes,4,3,0,0,133.33,out,T20I # 134
Australia Vs Pakistan,Australia,11,Shaun Tait,1,2,0,0,50.00,out,T20I # 134
Australia Vs Pakistan,Pakistan,1,Imran Farhat,8,10,1,0,80.00,out,T20I # 134
Australia Vs Pakistan,Pakistan,2,Imran Nazir,0,5,0,0,0.00,out,T20I # 134
Australia Vs Pakistan,Pakistan,3,Kamran Akmal,64,33,7,2,193.93,out,T20I # 134
Australia Vs Pakistan,Pakistan,4,Khalid Latif,6,8,1,0,75.00,out,T20I # 134
Australia Vs Pakistan,Pakistan,5,Shoaib Malik,3,11,0,0,27.27,out,T20I # 134
Australia Vs Pakistan,Pakistan,6,Umar Akmal,21,25,0,0,84.00,out,T20I # 134
Australia Vs Pakistan,Pakistan,7,Fawad Alam,1,5,0,0,20.00,out,T20I # 134
Australia Vs Pakistan,Pakistan,8,Naved-ul-Hasan,1,9,0,0,11.11,out,T20I # 134
Australia Vs Pakistan,Pakistan,9,Umar Gul,10,9,0,1,111.11,out,T20I # 134
Australia Vs Pakistan,Pakistan,10,Saeed Ajmal,1,3,0,0,33.33,not_out,T20I # 134
Australia Vs Pakistan,Pakistan,11,Mohammad Asif,5,2,1,0,250.00,not_out,T20I # 134
Afghanistan Vs Ireland,Afghanistan,1,Noor Ali Zadran,42,45,5,0,93.33,out,T20I # 135
Afghanistan Vs Ireland,Afghanistan,2,Karim Sadiq,4,5,1,0,80.00,out,T20I # 135
Afghanistan Vs Ireland,Afghanistan,3,Shafiqullah,3,6,0,0,50.00,out,T20I # 135
Afghanistan Vs Ireland,Afghanistan,4,Mohammad Shahzad,12,17,0,0,70.58,out,T20I # 135
Afghanistan Vs Ireland,Afghanistan,5,Nawroz Mangal,13,11,0,1,118.18,out,T20I # 135
Afghanistan Vs Ireland,Afghanistan,6,Mohammad Nabi,43,25,3,2,172.00,not_out,T20I # 135
Afghanistan Vs Ireland,Afghanistan,7,Samiullah Shinwari,2,4,0,0,50.00,out,T20I # 135
Afghanistan Vs Ireland,Afghanistan,8,Raees Ahmadzai,9,5,0,1,180.00,out,T20I # 135
Afghanistan Vs Ireland,Afghanistan,9,Mirwais Ashraf,1,1,0,0,100.00,out,T20I # 135
Afghanistan Vs Ireland,Afghanistan,10,Hamid Hassan,1,1,0,0,100.00,not_out,T20I # 135
Afghanistan Vs Ireland,Ireland,1,William Porterfield,0,2,0,0,0.00,out,T20I # 135
Afghanistan Vs Ireland,Ireland,2,Niall O'Brien,7,9,0,0,77.77,out,T20I # 135
Afghanistan Vs Ireland,Ireland,3,Paul Stirling,15,13,0,0,115.38,out,T20I # 135
Afghanistan Vs Ireland,Ireland,4,Andre Botha,8,10,0,0,80.00,out,T20I # 135
Afghanistan Vs Ireland,Ireland,5,Kevin O'Brien,18,17,1,0,105.88,out,T20I # 135
Afghanistan Vs Ireland,Ireland,6,Alex Cusack,9,13,1,0,69.23,out,T20I # 135
Afghanistan Vs Ireland,Ireland,7,Gary Wilson,0,1,0,0,0.00,out,T20I # 135
Afghanistan Vs Ireland,Ireland,8,Trent Johnston,0,0,0,0,-,out,T20I # 135
Afghanistan Vs Ireland,Ireland,9,John Mooney,3,0,10.33,1,0,out,T20I # 135
Afghanistan Vs Ireland,Ireland,10,Peter Connell,4,0,5.00,0,0,out,T20I # 135
Afghanistan Vs Ireland,Ireland,11,George Dockrell,3,0,5.66,1,0,not_out,T20I # 135
Canada Vs Netherlands,Canada,1,Rizwan Cheema,3,3,0,0,100.00,out,T20I # 136
Canada Vs Netherlands,Canada,2,John Davison,0,3,0,0,0.00,out,T20I # 136
Canada Vs Netherlands,Canada,3,Hiral Patel,25,25,1,0,100.00,out,T20I # 136
Canada Vs Netherlands,Canada,4,Geoff Barnett,36,20,6,0,180.00,out,T20I # 136
Canada Vs Netherlands,Canada,5,Ashish Bagai,14,17,0,0,82.35,out,T20I # 136
Canada Vs Netherlands,Canada,6,Ian Billcliff,37,30,3,1,123.33,out,T20I # 136
Canada Vs Netherlands,Canada,7,Sunil Dhaniram,4,6,0,0,66.66,out,T20I # 136
Canada Vs Netherlands,Canada,8,Umar Bhatti,7,7,0,0,100.00,out,T20I # 136
Canada Vs Netherlands,Canada,9,Khurram Chohan,7,7,1,0,100.00,not_out,T20I # 136
Canada Vs Netherlands,Canada,10,Harvir Baidwan,4,2,0,0,200.00,not_out,T20I # 136
Canada Vs Netherlands,Netherlands,1,Alexei Kervezee,12,12,0,0,100.00,out,T20I # 136
Canada Vs Netherlands,Netherlands,2,Eric Szwarczynski,17,14,1,0,121.42,out,T20I # 136
Canada Vs Netherlands,Netherlands,3,Bas Zuiderent,0,0,0,0,-,not_out,T20I # 136
Canada Vs Netherlands,Netherlands,4,Peter Borren,4,0,6.75,3,0,out,T20I # 136
Canada Vs Netherlands,Netherlands,5,Ryan ten Doeschate,3.1,0,10.10,0,0,out,T20I # 136
Canada Vs Netherlands,Netherlands,6,Daan van Bunge,4,0,6.50,1,0,not_out,T20I # 136
Afghanistan Vs Scotland,Afghanistan,1,Noor Ali Zadran,42,37,4,1,113.51,out,T20I # 137
Afghanistan Vs Scotland,Afghanistan,2,Karim Sadiq,3,7,0,0,42.85,out,T20I # 137
Afghanistan Vs Scotland,Afghanistan,3,Shafiqullah,0,2,0,0,0.00,out,T20I # 137
Afghanistan Vs Scotland,Afghanistan,4,Mohammad Shahzad,30,40,1,0,75.00,out,T20I # 137
Afghanistan Vs Scotland,Afghanistan,5,Nawroz Mangal,18,16,0,1,112.50,out,T20I # 137
Afghanistan Vs Scotland,Afghanistan,6,Mohammad Nabi,0,1,0,0,0.00,out,T20I # 137
Afghanistan Vs Scotland,Afghanistan,7,Raees Ahmadzai,17,13,0,0,130.76,not_out,T20I # 137
Afghanistan Vs Scotland,Afghanistan,8,Samiullah Shinwari,1,2,0,0,50.00,out,T20I # 137
Afghanistan Vs Scotland,Afghanistan,9,Mirwais Ashraf,8,3,0,1,266.66,not_out,T20I # 137
Afghanistan Vs Scotland,Scotland,1,Kyle Coetzer,2,15,0,0,13.33,out,T20I # 137
Afghanistan Vs Scotland,Scotland,2,Navdeep Poonia,0,2,0,0,0.00,out,T20I # 137
Afghanistan Vs Scotland,Scotland,3,Gavin Hamilton,32,34,1,1,94.11,out,T20I # 137
Afghanistan Vs Scotland,Scotland,4,Neil McCallum,38,34,3,1,111.76,out,T20I # 137
Afghanistan Vs Scotland,Scotland,5,Jan Stander,4,4,0,0,100.00,out,T20I # 137
Afghanistan Vs Scotland,Scotland,6,Fraser Watts,12,10,0,0,120.00,out,T20I # 137
Afghanistan Vs Scotland,Scotland,7,Richie Berrington,19,12,2,0,158.33,not_out,T20I # 137
Afghanistan Vs Scotland,Scotland,8,Gordon Drummond,5,4,0,0,125.00,out,T20I # 137
Afghanistan Vs Scotland,Scotland,9,Simon Smith,0,1,0,0,0.00,out,T20I # 137
Afghanistan Vs Scotland,Scotland,10,Majid Haq,1,4,0,0,25.00,out,T20I # 137
Canada Vs Kenya,Canada,1,Rizwan Cheema,32,22,2,3,145.45,out,T20I # 138
Canada Vs Kenya,Canada,2,John Davison,0,1,0,0,0.00,out,T20I # 138
Canada Vs Kenya,Canada,3,Hiral Patel,4,13,0,0,30.76,out,T20I # 138
Canada Vs Kenya,Canada,4,Geoff Barnett,30,28,3,0,107.14,out,T20I # 138
Canada Vs Kenya,Canada,5,Ashish Bagai,36,36,2,0,100.00,out,T20I # 138
Canada Vs Kenya,Canada,6,Ian Billcliff,14,9,0,1,155.55,out,T20I # 138
Canada Vs Kenya,Canada,7,Umar Bhatti,12,7,1,0,171.42,out,T20I # 138
Canada Vs Kenya,Canada,8,Khurram Chohan,3,3,0,0,100.00,out,T20I # 138
Canada Vs Kenya,Canada,9,Sunil Dhaniram,1,2,0,0,50.00,out,T20I # 138
Canada Vs Kenya,Canada,10,Harvir Baidwan,0,0,0,0,-,not_out,T20I # 138
Canada Vs Kenya,Kenya,1,Alex Obanda,13.00,0,1,0,13,out,T20I # 138
Canada Vs Kenya,Kenya,2,Steve Tikolo,13.00,0,2.5,0,34,not_out,T20I # 138
Canada Vs Kenya,Kenya,3,Collins Obuya,12.00,0,2,0,16,not_out,T20I # 138
Kenya Vs Netherlands,Kenya,1,Alex Obanda,5,6,1,0,83.33,out,T20I # 139
Kenya Vs Netherlands,Kenya,2,Steve Tikolo,0,1,0,0,0.00,out,T20I # 139
Kenya Vs Netherlands,Kenya,3,Morris Ouma,12,14,1,0,85.71,out,T20I # 139
Kenya Vs Netherlands,Kenya,4,Collins Obuya,33,21,5,0,157.14,out,T20I # 139
Kenya Vs Netherlands,Kenya,5,Rakep Patel,7,15,0,0,46.66,out,T20I # 139
Kenya Vs Netherlands,Kenya,6,Jimmy Kamande,42,33,2,3,127.27,out,T20I # 139
Kenya Vs Netherlands,Kenya,7,Tony Suji,1,2,0,0,50.00,out,T20I # 139
Kenya Vs Netherlands,Kenya,8,Nehemiah Odhiambo,18,21,0,0,85.71,out,T20I # 139
Kenya Vs Netherlands,Kenya,9,Lameck Onyango,5,5,0,0,100.00,out,T20I # 139
Kenya Vs Netherlands,Kenya,10,Shem Ngoche,0,1,0,0,0.00,out,T20I # 139
Kenya Vs Netherlands,Kenya,11,Hiren Varaiya,0,0,0,0,-,not_out,T20I # 139
Kenya Vs Netherlands,Netherlands,1,Alexei Kervezee,33,26,2,2,126.92,out,T20I # 139
Kenya Vs Netherlands,Netherlands,2,Eric Szwarczynski,45,47,5,0,95.74,out,T20I # 139
Kenya Vs Netherlands,Netherlands,3,Bas Zuiderent,23,26,2,0,88.46,out,T20I # 139
Kenya Vs Netherlands,Netherlands,4,Ryan ten Doeschate,21,15,3,0,140.00,not_out,T20I # 139
Kenya Vs Netherlands,Netherlands,5,Daan van Bunge,0,1,0,0,0.00,not_out,T20I # 139
Ireland Vs Scotland,Ireland,1,William Porterfield,18,20,2,0,90.00,out,T20I # 140
Ireland Vs Scotland,Ireland,2,Niall O'Brien,17,14,3,0,121.42,out,T20I # 140
Ireland Vs Scotland,Ireland,3,Andre Botha,13,13,2,0,100.00,out,T20I # 140
Ireland Vs Scotland,Ireland,4,Alex Cusack,2,4,0,0,50.00,out,T20I # 140
Ireland Vs Scotland,Ireland,5,Gary Wilson,19,22,2,0,86.36,out,T20I # 140
Ireland Vs Scotland,Ireland,6,Andrew White,19,22,1,0,86.36,out,T20I # 140
Ireland Vs Scotland,Ireland,7,John Mooney,10,13,0,0,76.92,out,T20I # 140
Ireland Vs Scotland,Ireland,8,Kevin O'Brien,10,4,0,1,250.00,not_out,T20I # 140
Ireland Vs Scotland,Ireland,9,Trent Johnston,10,8,0,0,125.00,not_out,T20I # 140
Ireland Vs Scotland,Scotland,1,Fraser Watts,43,39,3,1,110.25,out,T20I # 140
Ireland Vs Scotland,Scotland,2,Gavin Hamilton,0,2,0,0,0.00,out,T20I # 140
Ireland Vs Scotland,Scotland,3,Richie Berrington,2,3,0,0,66.66,out,T20I # 140
Ireland Vs Scotland,Scotland,4,Kyle Coetzer,35,41,3,0,85.36,out,T20I # 140
Ireland Vs Scotland,Scotland,5,Neil McCallum,8,11,1,0,72.72,out,T20I # 140
Ireland Vs Scotland,Scotland,6,Jan Stander,0,2,0,0,0.00,out,T20I # 140
Ireland Vs Scotland,Scotland,7,Gordon Drummond,1,2,0,0,50.00,out,T20I # 140
Ireland Vs Scotland,Scotland,8,Simon Smith,0,3,0,0,0.00,out,T20I # 140
Ireland Vs Scotland,Scotland,9,Ross Lyons,4,0,4.25,0,0,out,T20I # 140
Ireland Vs Scotland,Scotland,10,Majid Haq,4,1,5.00,0,0,not_out,T20I # 140
Ireland Vs Scotland,Scotland,11,Dewald Nel,3,0,7.00,0,0,out,T20I # 140
Afghanistan Vs Netherlands,Afghanistan,1,Karim Sadiq,18,17,1,0,105.88,out,T20I # 141
Afghanistan Vs Netherlands,Afghanistan,2,Nawroz Mangal,10,11,1,0,90.90,out,T20I # 141
Afghanistan Vs Netherlands,Afghanistan,3,Mohammad Shahzad,11,10,0,1,110.00,out,T20I # 141
Afghanistan Vs Netherlands,Afghanistan,4,Mohammad Nabi,1,3,0,0,33.33,out,T20I # 141
Afghanistan Vs Netherlands,Afghanistan,5,Raees Ahmadzai,23,23,2,0,100.00,out,T20I # 141
Afghanistan Vs Netherlands,Afghanistan,6,Noor Ali Zadran,18,25,0,0,72.00,out,T20I # 141
Afghanistan Vs Netherlands,Afghanistan,7,Shafiqullah,2,6,0,0,33.33,out,T20I # 141
Afghanistan Vs Netherlands,Afghanistan,8,Samiullah Shinwari,19,14,1,0,135.71,out,T20I # 141
Afghanistan Vs Netherlands,Afghanistan,9,Mirwais Ashraf,19,9,0,2,211.11,out,T20I # 141
Afghanistan Vs Netherlands,Afghanistan,10,Hamid Hassan,2,2,0,0,100.00,not_out,T20I # 141
Afghanistan Vs Netherlands,Netherlands,1,Alexei Kervezee,2,3,0,0,66.66,out,T20I # 141
Afghanistan Vs Netherlands,Netherlands,2,Eric Szwarczynski,24,20,2,0,120.00,out,T20I # 141
Afghanistan Vs Netherlands,Netherlands,3,Daan van Bunge,1,5,0,0,20.00,out,T20I # 141
Afghanistan Vs Netherlands,Netherlands,4,Bas Zuiderent,0,2,0,0,0.00,out,T20I # 141
Afghanistan Vs Netherlands,Netherlands,5,Ryan ten Doeschate,3,4,0,0,75.00,not_out,T20I # 141
Afghanistan Vs Netherlands,Netherlands,6,Peter Borren,2,0,10.00,0,0,out,T20I # 141
Afghanistan Vs Netherlands,Netherlands,7,Atse Buurman,3,0,5.66,0,0,out,T20I # 141
Afghanistan Vs Netherlands,Netherlands,8,Mudassar Bukhari,3,0,5.33,1,0,not_out,T20I # 141
Ireland Vs Netherlands,Ireland,1,William Porterfield,6,11,1,0,54.54,out,T20I # 142
Ireland Vs Netherlands,Ireland,2,Niall O'Brien,11,15,0,0,73.33,out,T20I # 142
Ireland Vs Netherlands,Ireland,3,Alex Cusack,65,44,3,3,147.72,out,T20I # 142
Ireland Vs Netherlands,Ireland,4,Trent Johnston,2,4,0,0,50.00,out,T20I # 142
Ireland Vs Netherlands,Ireland,5,Gary Wilson,29,23,4,0,126.08,out,T20I # 142
Ireland Vs Netherlands,Ireland,6,Kevin O'Brien,0,2,0,0,0.00,out,T20I # 142
Ireland Vs Netherlands,Ireland,7,John Mooney,17,13,2,0,130.76,not_out,T20I # 142
Ireland Vs Netherlands,Ireland,8,Andrew White,14,8,1,0,175.00,not_out,T20I # 142
Ireland Vs Netherlands,Netherlands,1,Alexei Kervezee,15,23,1,0,65.21,out,T20I # 142
Ireland Vs Netherlands,Netherlands,2,Eric Szwarczynski,32,20,1,2,160.00,out,T20I # 142
Ireland Vs Netherlands,Netherlands,3,Mudassar Bukhari,2,3,0,0,66.66,out,T20I # 142
Ireland Vs Netherlands,Netherlands,4,Bas Zuiderent,8,9,0,0,88.88,out,T20I # 142
Ireland Vs Netherlands,Netherlands,5,Ryan ten Doeschate,0,2,0,0,0.00,out,T20I # 142
Ireland Vs Netherlands,Netherlands,6,Daan van Bunge,1,8,0,0,12.50,out,T20I # 142
Ireland Vs Netherlands,Netherlands,7,Peter Borren,1,4,0,0,25.00,out,T20I # 142
Ireland Vs Netherlands,Netherlands,8,Atse Buurman,0,0,0,0,-,out,T20I # 142
Ireland Vs Netherlands,Netherlands,9,Mark Jonkman,3,0,7.66,2,1,out,T20I # 142
Ireland Vs Netherlands,Netherlands,10,Pieter Seelaar,4,0,3.50,0,1,out,T20I # 142
Ireland Vs Netherlands,Netherlands,11,Mohammad Kashif,2,0,5.00,0,0,not_out,T20I # 142
Ireland Vs Afghanistan,Ireland,1,William Porterfield,20,15,3,0,133.33,out,T20I # 143
Ireland Vs Afghanistan,Ireland,2,Niall O'Brien,28,27,3,0,103.70,out,T20I # 143
Ireland Vs Afghanistan,Ireland,3,Alex Cusack,28,22,1,1,127.27,out,T20I # 143
Ireland Vs Afghanistan,Ireland,4,Kevin O'Brien,2,3,0,0,66.66,out,T20I # 143
Ireland Vs Afghanistan,Ireland,5,Gary Wilson,5,7,1,0,71.42,out,T20I # 143
Ireland Vs Afghanistan,Ireland,6,Nigel Jones,14,14,1,0,100.00,out,T20I # 143
Ireland Vs Afghanistan,Ireland,7,John Mooney,5,9,0,0,55.55,out,T20I # 143
Ireland Vs Afghanistan,Ireland,8,Trent Johnston,15,12,1,0,125.00,out,T20I # 143
Ireland Vs Afghanistan,Ireland,9,Andrew White,7,9,0,0,77.77,not_out,T20I # 143
Ireland Vs Afghanistan,Ireland,10,Peter Connell,3,4,0,0,75.00,not_out,T20I # 143
Ireland Vs Afghanistan,Afghanistan,1,Karim Sadiq,3,0,3.3,0,46,out,T20I # 143
Ireland Vs Afghanistan,Afghanistan,2,Noor Ali Zadran,13.14,1,4,0,28,out,T20I # 143
Ireland Vs Afghanistan,Afghanistan,3,Mohammad Shahzad,7.00,0,3,0,21,not_out,T20I # 143
Ireland Vs Afghanistan,Afghanistan,4,Nawroz Mangal,7.00,2,4,0,26,not_out,T20I # 143
Pakistan Vs England,Pakistan,1,Imran Nazir,2,15,0,0,13.33,out,T20I # 144
Pakistan Vs England,Pakistan,2,Imran Farhat,14,13,3,0,107.69,out,T20I # 144
Pakistan Vs England,Pakistan,3,Khalid Latif,4,6,0,0,66.66,out,T20I # 144
Pakistan Vs England,Pakistan,4,Umar Akmal,13,12,1,0,108.33,out,T20I # 144
Pakistan Vs England,Pakistan,5,Shoaib Malik,33,26,3,0,126.92,out,T20I # 144
Pakistan Vs England,Pakistan,6,Fawad Alam,23,23,0,1,100.00,out,T20I # 144
Pakistan Vs England,Pakistan,7,Abdul Razzaq,22,15,1,1,146.66,out,T20I # 144
Pakistan Vs England,Pakistan,8,Sarfaraz Ahmed,5,5,1,0,100.00,out,T20I # 144
Pakistan Vs England,Pakistan,9,Yasir Arafat,9,4,2,0,225.00,not_out,T20I # 144
Pakistan Vs England,Pakistan,10,Umar Gul,1,2,0,0,50.00,not_out,T20I # 144
Pakistan Vs England,England,1,Jonathan Trott,4,10,0,0,40.00,out,T20I # 144
Pakistan Vs England,England,2,Joe Denly,1,3,0,0,33.33,out,T20I # 144
Pakistan Vs England,England,3,Kevin Pietersen,43,43,3,0,100.00,not_out,T20I # 144
Pakistan Vs England,England,4,Paul Collingwood,0,4,0,0,0.00,out,T20I # 144
Pakistan Vs England,England,5,Eoin Morgan,67,51,7,2,131.37,not_out,T20I # 144
England Vs Pakistan,England,1,Jonathan Trott,39,51,3,0,76.47,out,T20I # 145
England Vs Pakistan,England,2,Joe Denly,5,10,0,0,50.00,out,T20I # 145
England Vs Pakistan,England,3,Kevin Pietersen,62,40,4,3,155.00,out,T20I # 145
England Vs Pakistan,England,4,Eoin Morgan,9,6,0,1,150.00,out,T20I # 145
England Vs Pakistan,England,5,Luke Wright,13,8,0,1,162.50,out,T20I # 145
England Vs Pakistan,England,6,Paul Collingwood,11,4,0,1,275.00,not_out,T20I # 145
England Vs Pakistan,England,7,Tim Bresnan,0,1,0,0,0.00,out,T20I # 145
England Vs Pakistan,England,8,Matt Prior,1,1,0,0,100.00,not_out,T20I # 145
England Vs Pakistan,Pakistan,1,Imran Nazir,4,3,1,0,133.33,out,T20I # 145
England Vs Pakistan,Pakistan,2,Imran Farhat,0,2,0,0,0.00,out,T20I # 145
England Vs Pakistan,Pakistan,3,Umar Akmal,36,41,3,0,87.80,out,T20I # 145
England Vs Pakistan,Pakistan,4,Shoaib Malik,13,16,2,0,81.25,out,T20I # 145
England Vs Pakistan,Pakistan,5,Shahid Afridi,8,9,1,0,88.88,out,T20I # 145
England Vs Pakistan,Pakistan,6,Fawad Alam,28,20,2,0,140.00,out,T20I # 145
England Vs Pakistan,Pakistan,7,Abdul Razzaq,46,18,0,5,255.55,not_out,T20I # 145
England Vs Pakistan,Pakistan,8,Yasir Arafat,5,5,0,0,100.00,not_out,T20I # 145
Australia Vs West Indies,Australia,1,Shane Watson,37,19,1,4,194.73,out,T20I # 146
Australia Vs West Indies,Australia,2,David Warner,49,32,6,2,153.12,out,T20I # 146
Australia Vs West Indies,Australia,3,Michael Clarke,12,9,1,0,133.33,out,T20I # 146
Australia Vs West Indies,Australia,4,David Hussey,1,3,0,0,33.33,out,T20I # 146
Australia Vs West Indies,Australia,5,Cameron White,15,20,0,0,75.00,out,T20I # 146
Australia Vs West Indies,Australia,6,Travis Birt,13,10,2,0,130.00,out,T20I # 146
Australia Vs West Indies,Australia,7,Brad Haddin,37,16,2,2,231.25,not_out,T20I # 146
Australia Vs West Indies,Australia,8,Mitchell Johnson,4,7,0,0,57.14,out,T20I # 146
Australia Vs West Indies,Australia,9,Steven Smith,8,5,1,0,160.00,out,T20I # 146
Australia Vs West Indies,West Indies,1,Chris Gayle,5,5,1,0,100.00,out,T20I # 146
Australia Vs West Indies,West Indies,2,Lendl Simmons,5,6,1,0,83.33,out,T20I # 146
Australia Vs West Indies,West Indies,3,Narsingh Deonarine,0,1,0,0,0.00,out,T20I # 146
Australia Vs West Indies,West Indies,4,Kieron Pollard,12,9,2,0,133.33,out,T20I # 146
Australia Vs West Indies,West Indies,5,Wavell Hinds,11,14,1,0,78.57,out,T20I # 146
Australia Vs West Indies,West Indies,6,Runako Morton,40,41,3,0,97.56,out,T20I # 146
Australia Vs West Indies,West Indies,7,Dwayne Smith,4,6,0,0,66.66,out,T20I # 146
Australia Vs West Indies,West Indies,8,Denesh Ramdin,44,26,7,0,169.23,out,T20I # 146
Australia Vs West Indies,West Indies,9,Daren Sammy,3,4,0,0,75.00,not_out,T20I # 146
Australia Vs West Indies,West Indies,10,Nikita Miller,11,8,1,0,137.50,not_out,T20I # 146
West Indies Vs Australia,West Indies,1,Chris Gayle,12,14,1,1,85.71,out,T20I # 147
West Indies Vs Australia,West Indies,2,Travis Dowlin,31,32,3,0,96.87,out,T20I # 147
West Indies Vs Australia,West Indies,3,Runako Morton,0,1,0,0,0.00,out,T20I # 147
West Indies Vs Australia,West Indies,4,Kieron Pollard,5,9,0,0,55.55,out,T20I # 147
West Indies Vs Australia,West Indies,5,Wavell Hinds,0,2,0,0,0.00,out,T20I # 147
West Indies Vs Australia,West Indies,6,Dwayne Smith,8,10,0,0,80.00,out,T20I # 147
West Indies Vs Australia,West Indies,7,Narsingh Deonarine,36,29,4,0,124.13,not_out,T20I # 147
West Indies Vs Australia,West Indies,8,Denesh Ramdin,9,12,0,0,75.00,out,T20I # 147
West Indies Vs Australia,West Indies,9,Daren Sammy,26,11,1,2,236.36,not_out,T20I # 147
West Indies Vs Australia,Australia,1,Shane Watson,62,33,4,4,187.87,not_out,T20I # 147
West Indies Vs Australia,Australia,2,David Warner,67,29,5,7,231.03,out,T20I # 147
West Indies Vs Australia,Australia,3,Brad Haddin,6,6,1,0,100.00,out,T20I # 147
West Indies Vs Australia,Australia,4,Dan Christian,4,2,1,0,200.00,not_out,T20I # 147
New Zealand Vs Australia,New Zealand,1,Brendon McCullum,2,4,0,0,50.00,out,T20I # 148
New Zealand Vs Australia,New Zealand,2,Peter Ingram,2,10,0,0,20.00,out,T20I # 148
New Zealand Vs Australia,New Zealand,3,Martin Guptill,30,29,4,0,103.44,out,T20I # 148
New Zealand Vs Australia,New Zealand,4,Ross Taylor,9,9,1,0,100.00,out,T20I # 148
New Zealand Vs Australia,New Zealand,5,James Franklin,43,42,2,2,102.38,out,T20I # 148
New Zealand Vs Australia,New Zealand,6,Gareth Hopkins,21,13,2,1,161.53,out,T20I # 148
New Zealand Vs Australia,New Zealand,7,Jacob Oram,1,2,0,0,50.00,out,T20I # 148
New Zealand Vs Australia,New Zealand,8,Nathan McCullum,1,2,0,0,50.00,out,T20I # 148
New Zealand Vs Australia,New Zealand,9,Daniel Vettori,3,5,0,0,60.00,out,T20I # 148
New Zealand Vs Australia,New Zealand,10,Daryl Tuffey,0,3,0,0,0.00,out,T20I # 148
New Zealand Vs Australia,New Zealand,11,Shane Bond,1,1,0,0,100.00,not_out,T20I # 148
New Zealand Vs Australia,Australia,1,David Warner,19,10,2,1,190.00,out,T20I # 148
New Zealand Vs Australia,Australia,2,Shane Watson,19,12,4,0,158.33,out,T20I # 148
New Zealand Vs Australia,Australia,3,Michael Clarke,18,26,1,0,69.23,not_out,T20I # 148
New Zealand Vs Australia,Australia,4,Mitchell Johnson,1,3,0,0,33.33,out,T20I # 148
New Zealand Vs Australia,Australia,5,David Hussey,46,36,5,0,127.77,out,T20I # 148
New Zealand Vs Australia,Australia,6,Cameron White,11,9,1,1,122.22,not_out,T20I # 148
New Zealand Vs Australia,New Zealand,1,Brendon McCullum,116,56,12,8,207.14,not_out,T20I # 149
New Zealand Vs Australia,New Zealand,2,Peter Ingram,0,2,0,0,0.00,out,T20I # 149
New Zealand Vs Australia,New Zealand,3,Martin Guptill,17,17,3,0,100.00,out,T20I # 149
New Zealand Vs Australia,New Zealand,4,Ross Taylor,6,9,1,0,66.66,out,T20I # 149
New Zealand Vs Australia,New Zealand,5,James Franklin,7,8,1,0,87.50,out,T20I # 149
New Zealand Vs Australia,New Zealand,6,Gareth Hopkins,36,17,3,2,211.76,out,T20I # 149
New Zealand Vs Australia,New Zealand,7,Jacob Oram,0,3,0,0,0.00,out,T20I # 149
New Zealand Vs Australia,New Zealand,8,Nathan McCullum,14,9,1,1,155.55,not_out,T20I # 149
New Zealand Vs Australia,Australia,1,David Warner,20,10,3,1,200.00,out,T20I # 149
New Zealand Vs Australia,Australia,2,Brad Haddin,47,36,4,2,130.55,out,T20I # 149
New Zealand Vs Australia,Australia,3,Michael Clarke,67,45,5,2,148.88,out,T20I # 149
New Zealand Vs Australia,Australia,4,David Hussey,10,6,2,0,166.66,out,T20I # 149
New Zealand Vs Australia,Australia,5,Cameron White,64,26,5,5,246.15,not_out,T20I # 149
Zimbabwe Vs West Indies,Zimbabwe,1,Vusi Sibanda,0,1,0,0,0.00,out,T20I # 150
Zimbabwe Vs West Indies,Zimbabwe,2,Hamilton Masakadza,44,57,3,1,77.19,out,T20I # 150
Zimbabwe Vs West Indies,Zimbabwe,3,Tatenda Taibu,0,7,0,0,0.00,out,T20I # 150
Zimbabwe Vs West Indies,Zimbabwe,4,Stuart Matsikenyeri,0,2,0,0,0.00,out,T20I # 150
Zimbabwe Vs West Indies,Zimbabwe,5,Brendan Taylor,0,3,0,0,0.00,out,T20I # 150
Zimbabwe Vs West Indies,Zimbabwe,6,Greg Lamb,11,28,0,0,39.28,out,T20I # 150
Zimbabwe Vs West Indies,Zimbabwe,7,Elton Chigumbura,34,19,2,2,178.94,out,T20I # 150
Zimbabwe Vs West Indies,Zimbabwe,8,Graeme Cremer,2,3,0,0,66.66,out,T20I # 150
Zimbabwe Vs West Indies,Zimbabwe,9,Shingi Masakadza,0,2,0,0,0.00,out,T20I # 150
Zimbabwe Vs West Indies,Zimbabwe,10,Prosper Utseya,0,1,0,0,0.00,out,T20I # 150
Zimbabwe Vs West Indies,Zimbabwe,11,Ray Price,0,0,0,0,-,not_out,T20I # 150
Zimbabwe Vs West Indies,West Indies,1,Adrian Barath,8,19,1,0,42.10,out,T20I # 150
Zimbabwe Vs West Indies,West Indies,2,Shivnarine Chanderpaul,20,30,1,0,66.66,out,T20I # 150
Zimbabwe Vs West Indies,West Indies,3,Andre Fletcher,0,2,0,0,0.00,out,T20I # 150
Zimbabwe Vs West Indies,West Indies,4,Kieron Pollard,1,4,0,0,25.00,out,T20I # 150
Zimbabwe Vs West Indies,West Indies,5,Darren Bravo,0,1,0,0,0.00,out,T20I # 150
Zimbabwe Vs West Indies,West Indies,6,Denesh Ramdin,23,36,1,0,63.88,not_out,T20I # 150
Zimbabwe Vs West Indies,West Indies,7,Dwayne Smith,12,15,0,1,80.00,out,T20I # 150
Zimbabwe Vs West Indies,West Indies,8,Daren Sammy,2,4,0,0,50.00,out,T20I # 150
Zimbabwe Vs West Indies,West Indies,9,Ravi Rampaul,3,9,0,0,33.33,not_out,T20I # 150
Sri Lanka Vs New Zealand,Sri Lanka,1,Mahela Jayawardene,81,51,8,2,158.82,out,T20I # 151
Sri Lanka Vs New Zealand,Sri Lanka,2,Tillakaratne Dilshan,3,19,0,0,15.78,out,T20I # 151
Sri Lanka Vs New Zealand,Sri Lanka,3,Kumar Sangakkara,4,11,0,0,36.36,out,T20I # 151
Sri Lanka Vs New Zealand,Sri Lanka,4,Dinesh Chandimal,29,23,1,1,126.08,out,T20I # 151
Sri Lanka Vs New Zealand,Sri Lanka,5,Chamara Kapugedera,11,10,0,1,110.00,out,T20I # 151
Sri Lanka Vs New Zealand,Sri Lanka,6,Angelo Mathews,3,6,0,0,50.00,out,T20I # 151
Sri Lanka Vs New Zealand,Sri Lanka,7,Sanath Jayasuriya,0,0,0,0,-,not_out,T20I # 151
Sri Lanka Vs New Zealand,New Zealand,1,Brendon McCullum,0,4,0,0,0.00,out,T20I # 151
Sri Lanka Vs New Zealand,New Zealand,2,Jesse Ryder,42,27,3,2,155.55,out,T20I # 151
Sri Lanka Vs New Zealand,New Zealand,3,Martin Guptill,19,24,1,1,79.16,out,T20I # 151
Sri Lanka Vs New Zealand,New Zealand,4,Ross Taylor,9,15,0,0,60.00,out,T20I # 151
Sri Lanka Vs New Zealand,New Zealand,5,Scott Styris,17,21,1,0,80.95,out,T20I # 151
Sri Lanka Vs New Zealand,New Zealand,6,Daniel Vettori,17,15,1,0,113.33,out,T20I # 151
Sri Lanka Vs New Zealand,New Zealand,7,Jacob Oram,15,6,0,2,250.00,out,T20I # 151
Sri Lanka Vs New Zealand,New Zealand,8,Gareth Hopkins,1,1,0,0,100.00,out,T20I # 151
Sri Lanka Vs New Zealand,New Zealand,9,Nathan McCullum,16,6,1,1,266.66,not_out,T20I # 151
Sri Lanka Vs New Zealand,New Zealand,10,Tim Southee,0,0,0,0,-,not_out,T20I # 151
West Indies Vs Ireland,West Indies,1,Andre Fletcher,19,22,1,0,86.36,out,T20I # 152
West Indies Vs Ireland,West Indies,2,Shivnarine Chanderpaul,14,12,2,0,116.66,out,T20I # 152
West Indies Vs Ireland,West Indies,3,Dwayne Bravo,18,10,0,2,180.00,out,T20I # 152
West Indies Vs Ireland,West Indies,4,Ramnaresh Sarwan,24,26,1,0,92.30,out,T20I # 152
West Indies Vs Ireland,West Indies,5,Narsingh Deonarine,10,16,0,0,62.50,out,T20I # 152
West Indies Vs Ireland,West Indies,6,Denesh Ramdin,1,2,0,0,50.00,out,T20I # 152
West Indies Vs Ireland,West Indies,7,Daren Sammy,30,17,2,2,176.47,out,T20I # 152
West Indies Vs Ireland,West Indies,8,Kieron Pollard,8,6,1,0,133.33,out,T20I # 152
West Indies Vs Ireland,West Indies,9,Nikita Miller,2,2,0,0,100.00,not_out,T20I # 152
West Indies Vs Ireland,West Indies,10,Ravi Rampaul,8,8,0,0,100.00,out,T20I # 152
West Indies Vs Ireland,Ireland,1,William Porterfield,4,2,1,0,200.00,out,T20I # 152
West Indies Vs Ireland,Ireland,2,Paul Stirling,0,4,0,0,0.00,out,T20I # 152
West Indies Vs Ireland,Ireland,3,Niall O'Brien,6,5,1,0,120.00,out,T20I # 152
West Indies Vs Ireland,Ireland,4,Alex Cusack,2,4,0,0,50.00,out,T20I # 152
West Indies Vs Ireland,Ireland,5,Gary Wilson,17,34,0,0,50.00,out,T20I # 152
West Indies Vs Ireland,Ireland,6,Kevin O'Brien,9,16,1,0,56.25,out,T20I # 152
West Indies Vs Ireland,Ireland,7,Trent Johnston,5,10,0,0,50.00,out,T20I # 152
West Indies Vs Ireland,Ireland,8,John Mooney,1,3,0,0,33.33,out,T20I # 152
West Indies Vs Ireland,Ireland,9,Andre Botha,4,11,0,0,36.36,not_out,T20I # 152
West Indies Vs Ireland,Ireland,10,Boyd Rankin,1,5,0,0,20.00,out,T20I # 152
West Indies Vs Ireland,Ireland,11,George Dockrell,0,6,0,0,0.00,out,T20I # 152
Afghanistan Vs India,Afghanistan,1,Noor Ali Zadran,50,48,4,0,104.16,out,T20I # 153
Afghanistan Vs India,Afghanistan,2,Karim Sadiq,0,4,0,0,0.00,out,T20I # 153
Afghanistan Vs India,Afghanistan,3,Mohammad Shahzad,6,5,1,0,120.00,out,T20I # 153
Afghanistan Vs India,Afghanistan,4,Nawroz Mangal,5,11,1,0,45.45,out,T20I # 153
Afghanistan Vs India,Afghanistan,5,Asghar Afghan,30,33,0,3,90.90,out,T20I # 153
Afghanistan Vs India,Afghanistan,6,Mohammad Nabi,0,3,0,0,0.00,out,T20I # 153
Afghanistan Vs India,Afghanistan,7,Raees Ahmadzai,5,5,0,0,100.00,not_out,T20I # 153
Afghanistan Vs India,Afghanistan,8,Samiullah Shinwari,7,6,1,0,116.66,out,T20I # 153
Afghanistan Vs India,Afghanistan,9,Hamid Hassan,6,5,1,0,120.00,out,T20I # 153
Afghanistan Vs India,Afghanistan,10,Shapoor Zadran,0,0,0,0,-,not_out,T20I # 153
Afghanistan Vs India,India,1,Gautam Gambhir,4,6,0,0,66.66,out,T20I # 153
Afghanistan Vs India,India,2,Murali Vijay,48,46,2,3,104.34,out,T20I # 153
Afghanistan Vs India,India,3,Suresh Raina,18,13,1,1,138.46,out,T20I # 153
Afghanistan Vs India,India,4,Yuvraj Singh,23,22,0,1,104.54,not_out,T20I # 153
Afghanistan Vs India,India,5,MS Dhoni,15,6,0,2,250.00,not_out,T20I # 153
Pakistan Vs Bangladesh,Pakistan,1,Kamran Akmal,73,55,1,132.72,73,out,T20I # 154
Pakistan Vs Bangladesh,Pakistan,2,Salman Butt,46,8,158.69,9,9,out,T20I # 154
Pakistan Vs Bangladesh,Pakistan,3,Shahid Afridi,0,0,6,5,0,out,T20I # 154
Pakistan Vs Bangladesh,Pakistan,4,Abdul Razzaq,0,120.00,5,0,0,not_out,T20I # 154
Pakistan Vs Bangladesh,Pakistan,5,Misbah-ul-Haq,160.00,4,39,9.75,6,not_out,T20I # 154
Pakistan Vs Bangladesh,Bangladesh,1,Tamim Iqbal,0,2,0,0.00,65,out,T20I # 154
Pakistan Vs Bangladesh,Bangladesh,2,Imrul Kayes,49,4,132.65,47,31,out,T20I # 154
Pakistan Vs Bangladesh,Bangladesh,3,Mohammad Ashraful,3,2,0,3,0,out,T20I # 154
Pakistan Vs Bangladesh,Bangladesh,4,Shakib Al Hasan,0,0.00,9,1,0,out,T20I # 154
Pakistan Vs Bangladesh,Bangladesh,5,Mahmudullah,111.11,4,0,0,133.33,out,T20I # 154
Pakistan Vs Bangladesh,Bangladesh,6,Naeem Islam,1,3,0,33.33,1,not_out,T20I # 154
Pakistan Vs Bangladesh,Bangladesh,7,Mushfiqur Rahim,3,0,33.33,4,0,out,T20I # 154
Pakistan Vs Bangladesh,Bangladesh,8,Mashrafe Mortaza,16,4.00,2,0,0,out,T20I # 154
Pakistan Vs Bangladesh,Bangladesh,9,Sohrawordi Shuvo,0,4,29,7.25,9,not_out,T20I # 154
India Vs South Africa,India,1,Dinesh Karthik,16,17,2,0,94.11,out,T20I # 155
India Vs South Africa,India,2,Murali Vijay,0,1,0,0,0.00,out,T20I # 155
India Vs South Africa,India,3,Suresh Raina,101,60,9,5,168.33,out,T20I # 155
India Vs South Africa,India,4,Yuvraj Singh,37,30,3,2,123.33,out,T20I # 155
India Vs South Africa,India,5,Yusuf Pathan,11,7,0,1,157.14,out,T20I # 155
India Vs South Africa,India,6,MS Dhoni,16,6,1,1,266.66,not_out,T20I # 155
India Vs South Africa,India,7,Harbhajan Singh,0,0,0,0,-,not_out,T20I # 155
India Vs South Africa,South Africa,1,Jacques Kallis,73,54,3,3,135.18,out,T20I # 155
India Vs South Africa,South Africa,2,Loots Bosman,8,14,0,0,57.14,out,T20I # 155
India Vs South Africa,South Africa,3,Graeme Smith,36,28,1,2,128.57,out,T20I # 155
India Vs South Africa,South Africa,4,AB de Villiers,31,15,1,3,206.66,out,T20I # 155
India Vs South Africa,South Africa,5,Albie Morkel,12,7,0,1,171.42,out,T20I # 155
India Vs South Africa,South Africa,6,Mark Boucher,4,2,0,0,200.00,not_out,T20I # 155
India Vs South Africa,South Africa,7,Jean-Paul Duminy,4,1,1,0,400.00,not_out,T20I # 155
Australia Vs Pakistan,Australia,1,David Warner,26,18,4,1,144.44,out,T20I # 156
Australia Vs Pakistan,Australia,2,Shane Watson,81,49,7,4,165.30,out,T20I # 156
Australia Vs Pakistan,Australia,3,Michael Clarke,2,3,0,0,66.66,out,T20I # 156
Australia Vs Pakistan,Australia,4,David Hussey,53,29,2,5,182.75,out,T20I # 156
Australia Vs Pakistan,Australia,5,Michael Hussey,17,8,1,1,212.50,out,T20I # 156
Australia Vs Pakistan,Australia,6,Cameron White,9,7,0,0,128.57,out,T20I # 156
Australia Vs Pakistan,Australia,7,Brad Haddin,1,2,0,0,50.00,out,T20I # 156
Australia Vs Pakistan,Australia,8,Mitchell Johnson,0,1,0,0,0.00,out,T20I # 156
Australia Vs Pakistan,Australia,9,Steven Smith,0,1,0,0,0.00,out,T20I # 156
Australia Vs Pakistan,Australia,10,Dirk Nannes,0,1,0,0,0.00,not_out,T20I # 156
Australia Vs Pakistan,Australia,11,Shaun Tait,0,2,0,0,0.00,out,T20I # 156
Australia Vs Pakistan,Pakistan,1,Kamran Akmal,0,1,0,0,0.00,out,T20I # 156
Australia Vs Pakistan,Pakistan,2,Salman Butt,15,10,3,0,150.00,out,T20I # 156
Australia Vs Pakistan,Pakistan,3,Mohammad Hafeez,12,14,3,0,85.71,out,T20I # 156
Australia Vs Pakistan,Pakistan,4,Umar Akmal,18,14,0,1,128.57,out,T20I # 156
Australia Vs Pakistan,Pakistan,5,Misbah-ul-Haq,41,31,1,2,132.25,out,T20I # 156
Australia Vs Pakistan,Pakistan,6,Shahid Afridi,33,24,3,1,137.50,out,T20I # 156
Australia Vs Pakistan,Pakistan,7,Abdul Razzaq,1,2,0,0,50.00,out,T20I # 156
Australia Vs Pakistan,Pakistan,8,Fawad Alam,16,11,1,1,145.45,out,T20I # 156
Australia Vs Pakistan,Pakistan,9,Mohammad Amir,2,3,0,0,66.66,out,T20I # 156
Australia Vs Pakistan,Pakistan,10,Mohammad Sami,5,5,0,0,100.00,not_out,T20I # 156
Australia Vs Pakistan,Pakistan,11,Saeed Ajmal,4,6,0,0,66.66,out,T20I # 156
Sri Lanka Vs Zimbabwe,Sri Lanka,1,Mahela Jayawardene,100,64,10,4,156.25,out,T20I # 157
Sri Lanka Vs Zimbabwe,Sri Lanka,2,Tillakaratne Dilshan,2,4,0,0,50.00,out,T20I # 157
Sri Lanka Vs Zimbabwe,Sri Lanka,3,Thisara Perera,23,19,1,2,121.05,out,T20I # 157
Sri Lanka Vs Zimbabwe,Sri Lanka,4,Kumar Sangakkara,3,7,0,0,42.85,out,T20I # 157
Sri Lanka Vs Zimbabwe,Sri Lanka,5,Dinesh Chandimal,9,8,0,1,112.50,out,T20I # 157
Sri Lanka Vs Zimbabwe,Sri Lanka,6,Angelo Mathews,4,6,0,0,66.66,out,T20I # 157
Sri Lanka Vs Zimbabwe,Sri Lanka,7,Chamara Kapugedera,13,6,0,2,216.66,out,T20I # 157
Sri Lanka Vs Zimbabwe,Sri Lanka,8,Sanath Jayasuriya,3,3,0,0,100.00,not_out,T20I # 157
Sri Lanka Vs Zimbabwe,Sri Lanka,9,Lasith Malinga,2,3,0,0,66.66,not_out,T20I # 157
Sri Lanka Vs Zimbabwe,Zimbabwe,1,Hamilton Masakadza,4,6,0,0,66.66,out,T20I # 157
Sri Lanka Vs Zimbabwe,Zimbabwe,2,Tatenda Taibu,12,13,0,0,92.30,not_out,T20I # 157
Sri Lanka Vs Zimbabwe,Zimbabwe,3,Brendan Taylor,11,11,0,0,100.00,not_out,T20I # 157
England Vs West Indies,England,1,Michael Lumb,28,18,0,155.55,26,out,T20I # 158
England Vs West Indies,England,2,Craig Kieswetter,14,1,185.71,24,20,out,T20I # 158
England Vs West Indies,England,3,Kevin Pietersen,1,1,6,8,0,out,T20I # 158
England Vs West Indies,England,4,Paul Collingwood,0,75.00,35,3,3,out,T20I # 158
England Vs West Indies,England,5,Eoin Morgan,157.14,45,1,4,166.66,out,T20I # 158
England Vs West Indies,England,6,Luke Wright,0,0,0,-,3,not_out,T20I # 158
England Vs West Indies,England,7,Tim Bresnan,0,23,7,3,0,not_out,T20I # 158
England Vs West Indies,West Indies,1,Chris Gayle,0,1,0,0,0,out,T20I # 158
England Vs West Indies,West Indies,2,Shivnarine Chanderpaul,0,-,10,1,0,not_out,T20I # 158
England Vs West Indies,West Indies,3,Kieron Pollard,120.00,1,15,15.00,3,out,T20I # 158
England Vs West Indies,West Indies,4,Andre Fletcher,2,1,0,2,0,not_out,T20I # 158
Zimbabwe Vs New Zealand,Zimbabwe,1,Tatenda Taibu,21,14,3,0,150.00,out,T20I # 159
Zimbabwe Vs New Zealand,Zimbabwe,2,Hamilton Masakadza,20,20,2,0,100.00,out,T20I # 159
Zimbabwe Vs New Zealand,Zimbabwe,3,Andy Blignaut,8,8,1,0,100.00,out,T20I # 159
Zimbabwe Vs New Zealand,Zimbabwe,4,Elton Chigumbura,3,4,0,0,75.00,out,T20I # 159
Zimbabwe Vs New Zealand,Zimbabwe,5,Craig Ervine,1,5,0,0,20.00,out,T20I # 159
Zimbabwe Vs New Zealand,Zimbabwe,6,Charles Coventry,0,2,0,0,0.00,out,T20I # 159
Zimbabwe Vs New Zealand,Zimbabwe,7,Greg Lamb,14,21,0,0,66.66,not_out,T20I # 159
Zimbabwe Vs New Zealand,Zimbabwe,8,Timycen Maruma,4,11,0,0,36.36,out,T20I # 159
Zimbabwe Vs New Zealand,Zimbabwe,9,Graeme Cremer,0,1,0,0,0.00,out,T20I # 159
Zimbabwe Vs New Zealand,Zimbabwe,10,Prosper Utseya,0,1,0,0,0.00,out,T20I # 159
Zimbabwe Vs New Zealand,Zimbabwe,11,Ray Price,2,4,0,0,50.00,out,T20I # 159
Zimbabwe Vs New Zealand,New Zealand,1,Brendon McCullum,22,26,2,0,84.61,not_out,T20I # 159
Zimbabwe Vs New Zealand,New Zealand,2,Jesse Ryder,2,11,0,0,18.18,out,T20I # 159
Zimbabwe Vs New Zealand,New Zealand,3,Martin Guptill,6,12,0,0,50.00,not_out,T20I # 159
England Vs Ireland,England,1,Michael Lumb,14,11,3,0,127.27,out,T20I # 160
England Vs Ireland,England,2,Craig Kieswetter,13,17,0,0,76.47,out,T20I # 160
England Vs Ireland,England,3,Kevin Pietersen,9,18,0,0,50.00,out,T20I # 160
England Vs Ireland,England,4,Paul Collingwood,0,3,0,0,0.00,out,T20I # 160
England Vs Ireland,England,5,Eoin Morgan,45,37,5,0,121.62,out,T20I # 160
England Vs Ireland,England,6,Luke Wright,20,24,0,1,83.33,out,T20I # 160
England Vs Ireland,England,7,Tim Bresnan,5,6,1,0,83.33,out,T20I # 160
England Vs Ireland,England,8,Graeme Swann,7,5,0,0,140.00,not_out,T20I # 160
England Vs Ireland,England,9,Michael Yardy,0,0,0,0,-,out,T20I # 160
England Vs Ireland,England,10,Stuart Broad,0,0,0,0,-,not_out,T20I # 160
England Vs Ireland,Ireland,1,William Porterfield,4,10,0,0,40.00,not_out,T20I # 160
England Vs Ireland,Ireland,2,Paul Stirling,0,6,0,0,0.00,out,T20I # 160
England Vs Ireland,Ireland,3,Niall O'Brien,9,5,2,0,180.00,not_out,T20I # 160
Australia Vs Bangladesh,Australia,1,David Warner,16,11,2,1,145.45,out,T20I # 161
Australia Vs Bangladesh,Australia,2,Shane Watson,4,7,0,0,57.14,out,T20I # 161
Australia Vs Bangladesh,Australia,3,Michael Clarke,16,21,0,1,76.19,out,T20I # 161
Australia Vs Bangladesh,Australia,4,Brad Haddin,6,9,0,0,66.66,out,T20I # 161
Australia Vs Bangladesh,Australia,5,David Hussey,9,13,0,0,69.23,out,T20I # 161
Australia Vs Bangladesh,Australia,6,Cameron White,8,11,0,0,72.72,out,T20I # 161
Australia Vs Bangladesh,Australia,7,Michael Hussey,47,29,4,1,162.06,not_out,T20I # 161
Australia Vs Bangladesh,Australia,8,Steven Smith,27,18,1,2,150.00,out,T20I # 161
Australia Vs Bangladesh,Australia,9,Ryan Harris,2,1,0,0,200.00,not_out,T20I # 161
Australia Vs Bangladesh,Bangladesh,1,Imrul Kayes,0,6,0,0,0.00,out,T20I # 161
Australia Vs Bangladesh,Bangladesh,2,Mohammad Ashraful,0,3,0,0,0.00,out,T20I # 161
Australia Vs Bangladesh,Bangladesh,3,Aftab Ahmed,1,3,0,0,33.33,out,T20I # 161
Australia Vs Bangladesh,Bangladesh,4,Shakib Al Hasan,28,28,0,1,100.00,out,T20I # 161
Australia Vs Bangladesh,Bangladesh,5,Mahmudullah,2,3,0,0,66.66,out,T20I # 161
Australia Vs Bangladesh,Bangladesh,6,Mushfiqur Rahim,24,25,2,1,96.00,out,T20I # 161
Australia Vs Bangladesh,Bangladesh,7,Naeem Islam,7,6,0,1,116.66,out,T20I # 161
Australia Vs Bangladesh,Bangladesh,8,Jahurul Islam,18,12,1,1,150.00,out,T20I # 161
Australia Vs Bangladesh,Bangladesh,9,Shafiul Islam,16,13,1,1,123.07,out,T20I # 161
Australia Vs Bangladesh,Bangladesh,10,Mashrafe Mortaza,6,5,1,0,120.00,out,T20I # 161
Australia Vs Bangladesh,Bangladesh,11,Abdur Razzak,3,8,0,0,37.50,not_out,T20I # 161
South Africa Vs Afghanistan,South Africa,1,Graeme Smith,27,14,4,1,192.85,out,T20I # 162
South Africa Vs Afghanistan,South Africa,2,Loots Bosman,0,1,0,0,0.00,out,T20I # 162
South Africa Vs Afghanistan,South Africa,3,Jacques Kallis,34,33,0,2,103.03,out,T20I # 162
South Africa Vs Afghanistan,South Africa,4,AB de Villiers,17,21,1,1,80.95,out,T20I # 162
South Africa Vs Afghanistan,South Africa,5,Jean-Paul Duminy,25,21,0,2,119.04,out,T20I # 162
South Africa Vs Afghanistan,South Africa,6,Mark Boucher,4,6,0,0,66.66,out,T20I # 162
South Africa Vs Afghanistan,South Africa,7,Albie Morkel,23,17,2,1,135.29,out,T20I # 162
South Africa Vs Afghanistan,South Africa,8,Roelof van der Merwe,2,6,0,0,33.33,not_out,T20I # 162
South Africa Vs Afghanistan,South Africa,9,Dale Steyn,1,1,0,0,100.00,not_out,T20I # 162
South Africa Vs Afghanistan,Afghanistan,1,Noor Ali Zadran,0,3,0,0,0.00,out,T20I # 162
South Africa Vs Afghanistan,Afghanistan,2,Karim Sadiq,2,8,0,0,25.00,out,T20I # 162
South Africa Vs Afghanistan,Afghanistan,3,Mohammad Shahzad,2,6,0,0,33.33,out,T20I # 162
South Africa Vs Afghanistan,Afghanistan,4,Nawroz Mangal,1,4,0,0,25.00,out,T20I # 162
South Africa Vs Afghanistan,Afghanistan,5,Asghar Afghan,3,6,0,0,50.00,out,T20I # 162
South Africa Vs Afghanistan,Afghanistan,6,Raees Ahmadzai,4,2,1,0,200.00,out,T20I # 162
South Africa Vs Afghanistan,Afghanistan,7,Mohammad Nabi,0,5,0,0,0.00,out,T20I # 162
South Africa Vs Afghanistan,Afghanistan,8,Samiullah Shinwari,11,12,0,1,91.66,out,T20I # 162
South Africa Vs Afghanistan,Afghanistan,9,Mirwais Ashraf,23,25,1,2,92.00,out,T20I # 162
South Africa Vs Afghanistan,Afghanistan,10,Hamid Hassan,22,21,1,2,104.76,out,T20I # 162
South Africa Vs Afghanistan,Afghanistan,11,Shapoor Zadran,1,6,0,0,16.66,not_out,T20I # 162
Pakistan Vs England,Pakistan,1,Kamran Akmal,15,18,2,1,83.33,out,T20I # 163
Pakistan Vs England,Pakistan,2,Salman Butt,34,26,3,1,130.76,out,T20I # 163
Pakistan Vs England,Pakistan,3,Mohammad Hafeez,18,14,2,0,128.57,out,T20I # 163
Pakistan Vs England,Pakistan,4,Umar Akmal,30,25,2,1,120.00,out,T20I # 163
Pakistan Vs England,Pakistan,5,Shahid Afridi,0,1,0,0,0.00,out,T20I # 163
Pakistan Vs England,Pakistan,6,Misbah-ul-Haq,13,14,0,1,92.85,out,T20I # 163
Pakistan Vs England,Pakistan,7,Abdul Razzaq,10,9,0,1,111.11,out,T20I # 163
Pakistan Vs England,Pakistan,8,Fawad Alam,1,3,0,0,33.33,out,T20I # 163
Pakistan Vs England,Pakistan,9,Mohammad Amir,3,7,0,0,42.85,out,T20I # 163
Pakistan Vs England,Pakistan,10,Saeed Ajmal,13,5,1,1,260.00,not_out,T20I # 163
Pakistan Vs England,Pakistan,11,Mohammad Asif,0,0,0,0,-,not_out,T20I # 163
Pakistan Vs England,England,1,Michael Lumb,25,13,3,1,192.30,out,T20I # 163
Pakistan Vs England,England,2,Craig Kieswetter,25,27,3,1,92.59,out,T20I # 163
Pakistan Vs England,England,3,Kevin Pietersen,73,52,8,2,140.38,not_out,T20I # 163
Pakistan Vs England,England,4,Paul Collingwood,16,15,1,0,106.66,out,T20I # 163
Pakistan Vs England,England,5,Eoin Morgan,5,7,1,0,71.42,out,T20I # 163
Pakistan Vs England,England,6,Luke Wright,1,3,0,0,33.33,not_out,T20I # 163
South Africa Vs New Zealand,South Africa,1,Jacques Kallis,31,26,1,2,119.23,out,T20I # 164
South Africa Vs New Zealand,South Africa,2,Graeme Smith,14,12,2,0,116.66,out,T20I # 164
South Africa Vs New Zealand,South Africa,3,Herschelle Gibbs,30,24,1,2,125.00,out,T20I # 164
South Africa Vs New Zealand,South Africa,4,AB de Villiers,47,39,1,2,120.51,not_out,T20I # 164
South Africa Vs New Zealand,South Africa,5,Albie Morkel,40,18,0,5,222.22,out,T20I # 164
South Africa Vs New Zealand,South Africa,6,Mark Boucher,0,1,0,0,0.00,not_out,T20I # 164
South Africa Vs New Zealand,New Zealand,1,Brendon McCullum,6,5,1,0,120.00,out,T20I # 164
South Africa Vs New Zealand,New Zealand,2,Jesse Ryder,33,28,2,2,117.85,out,T20I # 164
South Africa Vs New Zealand,New Zealand,3,Martin Guptill,18,19,3,0,94.73,out,T20I # 164
South Africa Vs New Zealand,New Zealand,4,Ross Taylor,19,16,1,1,118.75,out,T20I # 164
South Africa Vs New Zealand,New Zealand,5,Scott Styris,13,12,2,0,108.33,out,T20I # 164
South Africa Vs New Zealand,New Zealand,6,Gareth Hopkins,18,13,0,2,138.46,out,T20I # 164
South Africa Vs New Zealand,New Zealand,7,Jacob Oram,0,2,0,0,0.00,out,T20I # 164
South Africa Vs New Zealand,New Zealand,8,Nathan McCullum,26,17,3,1,152.94,not_out,T20I # 164
South Africa Vs New Zealand,New Zealand,9,Daniel Vettori,10,10,1,0,100.00,not_out,T20I # 164
Australia Vs India,Australia,1,Shane Watson,54,32,1,6,168.75,out,T20I # 165
Australia Vs India,Australia,2,David Warner,72,42,2,7,171.42,out,T20I # 165
Australia Vs India,Australia,3,David Hussey,35,22,3,2,159.09,out,T20I # 165
Australia Vs India,Australia,4,Brad Haddin,8,7,0,1,114.28,out,T20I # 165
Australia Vs India,Australia,5,Cameron White,5,6,0,0,83.33,not_out,T20I # 165
Australia Vs India,Australia,6,Michael Hussey,8,10,0,0,80.00,out,T20I # 165
Australia Vs India,Australia,7,Steven Smith,1,1,0,0,100.00,not_out,T20I # 165
Australia Vs India,India,1,Murali Vijay,2,7,0,0,28.57,out,T20I # 165
Australia Vs India,India,2,Gautam Gambhir,9,10,2,0,90.00,out,T20I # 165
Australia Vs India,India,3,Suresh Raina,5,5,1,0,100.00,out,T20I # 165
Australia Vs India,India,4,Rohit Sharma,79,46,4,6,171.73,not_out,T20I # 165
Australia Vs India,India,5,Yuvraj Singh,1,2,0,0,50.00,out,T20I # 165
Australia Vs India,India,6,MS Dhoni,2,8,0,0,25.00,out,T20I # 165
Australia Vs India,India,7,Yusuf Pathan,1,5,0,0,20.00,out,T20I # 165
Australia Vs India,India,8,Ravindra Jadeja,4,5,0,0,80.00,out,T20I # 165
Australia Vs India,India,9,Harbhajan Singh,13,11,1,1,118.18,out,T20I # 165
Australia Vs India,India,10,Zaheer Khan,9,6,0,1,150.00,out,T20I # 165
Australia Vs India,India,11,Ashish Nehra,0,1,0,0,0.00,out,T20I # 165
Sri Lanka Vs West Indies,Sri Lanka,1,Mahela Jayawardene,98,56,9,4,175.00,not_out,T20I # 166
Sri Lanka Vs West Indies,Sri Lanka,2,Sanath Jayasuriya,6,10,1,0,60.00,out,T20I # 166
Sri Lanka Vs West Indies,Sri Lanka,3,Kumar Sangakkara,68,49,5,3,138.77,out,T20I # 166
Sri Lanka Vs West Indies,Sri Lanka,4,Chamara Kapugedera,6,4,1,0,150.00,out,T20I # 166
Sri Lanka Vs West Indies,Sri Lanka,5,Tillakaratne Dilshan,4,1,1,0,400.00,not_out,T20I # 166
Sri Lanka Vs West Indies,West Indies,1,Chris Gayle,5,4,1,0,125.00,out,T20I # 166
Sri Lanka Vs West Indies,West Indies,2,Shivnarine Chanderpaul,11,9,1,1,122.22,out,T20I # 166
Sri Lanka Vs West Indies,West Indies,3,Ramnaresh Sarwan,28,33,2,0,84.84,out,T20I # 166
Sri Lanka Vs West Indies,West Indies,4,Dwayne Bravo,23,23,3,0,100.00,out,T20I # 166
Sri Lanka Vs West Indies,West Indies,5,Andre Fletcher,16,18,2,0,88.88,out,T20I # 166
Sri Lanka Vs West Indies,West Indies,6,Kieron Pollard,9,10,1,0,90.00,out,T20I # 166
Sri Lanka Vs West Indies,West Indies,7,Daren Sammy,2,3,0,0,66.66,out,T20I # 166
Sri Lanka Vs West Indies,West Indies,8,Wavell Hinds,5,7,1,0,71.42,out,T20I # 166
Sri Lanka Vs West Indies,West Indies,9,Jerome Taylor,16,9,2,0,177.77,not_out,T20I # 166
Sri Lanka Vs West Indies,West Indies,10,Sulieman Benn,6,4,1,0,150.00,not_out,T20I # 166
New Zealand Vs Pakistan,New Zealand,1,Brendon McCullum,33,29,5,0,113.79,out,T20I # 167
New Zealand Vs Pakistan,New Zealand,2,Jesse Ryder,7,8,1,0,87.50,out,T20I # 167
New Zealand Vs Pakistan,New Zealand,3,Martin Guptill,2,10,0,0,20.00,out,T20I # 167
New Zealand Vs Pakistan,New Zealand,4,Ross Taylor,3,7,0,0,42.85,out,T20I # 167
New Zealand Vs Pakistan,New Zealand,5,Daniel Vettori,38,34,1,2,111.76,out,T20I # 167
New Zealand Vs Pakistan,New Zealand,6,Scott Styris,21,17,1,1,123.52,out,T20I # 167
New Zealand Vs Pakistan,New Zealand,7,Gareth Hopkins,2,7,0,0,28.57,out,T20I # 167
New Zealand Vs Pakistan,New Zealand,8,Nathan McCullum,12,9,0,1,133.33,not_out,T20I # 167
New Zealand Vs Pakistan,New Zealand,9,Ian Butler,0,0,0,0,-,not_out,T20I # 167
New Zealand Vs Pakistan,Pakistan,1,Kamran Akmal,5,8,0,0,62.50,out,T20I # 167
New Zealand Vs Pakistan,Pakistan,2,Salman Butt,67,54,8,1,124.07,not_out,T20I # 167
New Zealand Vs Pakistan,Pakistan,3,Mohammad Hafeez,8,4,2,0,200.00,out,T20I # 167
New Zealand Vs Pakistan,Pakistan,4,Umar Akmal,0,1,0,0,0.00,out,T20I # 167
New Zealand Vs Pakistan,Pakistan,5,Misbah-ul-Haq,3,13,0,0,23.07,out,T20I # 167
New Zealand Vs Pakistan,Pakistan,6,Shahid Afridi,11,9,1,0,122.22,out,T20I # 167
New Zealand Vs Pakistan,Pakistan,7,Abdul Razzaq,29,29,1,3,100.00,out,T20I # 167
New Zealand Vs Pakistan,Pakistan,8,Abdur Rehman,2,3,0,0,66.66,out,T20I # 167
England Vs South Africa,England,1,Michael Lumb,3,4,0,0,75.00,out,T20I # 168
England Vs South Africa,England,2,Craig Kieswetter,41,42,3,2,97.61,out,T20I # 168
England Vs South Africa,England,3,Kevin Pietersen,53,33,8,1,160.60,out,T20I # 168
England Vs South Africa,England,4,Paul Collingwood,14,9,0,2,155.55,out,T20I # 168
England Vs South Africa,England,5,Eoin Morgan,21,14,3,0,150.00,out,T20I # 168
England Vs South Africa,England,6,Luke Wright,0,2,0,0,0.00,out,T20I # 168
England Vs South Africa,England,7,Tim Bresnan,13,13,1,0,100.00,out,T20I # 168
England Vs South Africa,England,8,Michael Yardy,8,5,1,0,160.00,not_out,T20I # 168
England Vs South Africa,England,9,Graeme Swann,1,1,0,0,100.00,not_out,T20I # 168
England Vs South Africa,South Africa,1,Graeme Smith,19,24,2,0,79.16,out,T20I # 168
England Vs South Africa,South Africa,2,Jacques Kallis,11,13,0,1,84.61,out,T20I # 168
England Vs South Africa,South Africa,3,Herschelle Gibbs,8,8,1,0,100.00,out,T20I # 168
England Vs South Africa,South Africa,4,AB de Villiers,5,9,0,0,55.55,out,T20I # 168
England Vs South Africa,South Africa,5,Albie Morkel,0,2,0,0,0.00,out,T20I # 168
England Vs South Africa,South Africa,6,Jean-Paul Duminy,39,25,2,2,156.00,out,T20I # 168
England Vs South Africa,South Africa,7,Mark Boucher,9,11,0,0,81.81,out,T20I # 168
England Vs South Africa,South Africa,8,Johan Botha,12,12,0,1,100.00,out,T20I # 168
England Vs South Africa,South Africa,9,Dale Steyn,5,6,0,0,83.33,out,T20I # 168
England Vs South Africa,South Africa,10,Morne Morkel,1,2,0,0,50.00,out,T20I # 168
England Vs South Africa,South Africa,11,Charl Langeveldt,2,3,0,0,66.66,not_out,T20I # 168
West Indies Vs India,West Indies,1,Chris Gayle,98,66,5,7,148.48,out,T20I # 169
West Indies Vs India,West Indies,2,Shivnarine Chanderpaul,23,29,2,0,79.31,out,T20I # 169
West Indies Vs India,West Indies,3,Daren Sammy,19,10,2,1,190.00,out,T20I # 169
West Indies Vs India,West Indies,4,Kieron Pollard,17,11,0,2,154.54,out,T20I # 169
West Indies Vs India,West Indies,5,Dwayne Bravo,1,2,0,0,50.00,out,T20I # 169
West Indies Vs India,West Indies,6,Ramnaresh Sarwan,0,1,0,0,0.00,out,T20I # 169
West Indies Vs India,West Indies,7,Wavell Hinds,0,0,0,0,-,not_out,T20I # 169
West Indies Vs India,West Indies,8,Denesh Ramdin,4,2,1,0,200.00,not_out,T20I # 169
West Indies Vs India,India,1,Murali Vijay,7,14,0,0,50.00,out,T20I # 169
West Indies Vs India,India,2,Gautam Gambhir,15,14,3,0,107.14,out,T20I # 169
West Indies Vs India,India,3,Suresh Raina,32,25,4,1,128.00,out,T20I # 169
West Indies Vs India,India,4,Rohit Sharma,5,8,1,0,62.50,out,T20I # 169
West Indies Vs India,India,5,Yuvraj Singh,12,14,1,0,85.71,out,T20I # 169
West Indies Vs India,India,6,MS Dhoni,29,18,2,2,161.11,out,T20I # 169
West Indies Vs India,India,7,Yusuf Pathan,17,10,0,2,170.00,out,T20I # 169
West Indies Vs India,India,8,Harbhajan Singh,14,10,1,1,140.00,out,T20I # 169
West Indies Vs India,India,9,Ravindra Jadeja,5,6,0,0,83.33,not_out,T20I # 169
West Indies Vs India,India,10,Ashish Nehra,0,2,0,0,0.00,out,T20I # 169
West Indies Vs India,India,11,Zaheer Khan,0,1,0,0,0.00,not_out,T20I # 169
Australia Vs Sri Lanka,Australia,1,Shane Watson,1,4,0,0,25.00,out,T20I # 170
Australia Vs Sri Lanka,Australia,2,David Warner,9,12,1,0,75.00,out,T20I # 170
Australia Vs Sri Lanka,Australia,3,Brad Haddin,15,10,3,0,150.00,out,T20I # 170
Australia Vs Sri Lanka,Australia,4,Michael Clarke,14,20,0,0,70.00,out,T20I # 170
Australia Vs Sri Lanka,Australia,5,David Hussey,0,1,0,0,0.00,out,T20I # 170
Australia Vs Sri Lanka,Australia,6,Cameron White,85,49,6,6,173.46,not_out,T20I # 170
Australia Vs Sri Lanka,Australia,7,Michael Hussey,39,26,4,1,150.00,not_out,T20I # 170
Australia Vs Sri Lanka,Sri Lanka,1,Mahela Jayawardene,9,6,0,1,150.00,out,T20I # 170
Australia Vs Sri Lanka,Sri Lanka,2,Sanath Jayasuriya,5,14,0,0,35.71,out,T20I # 170
Australia Vs Sri Lanka,Sri Lanka,3,Kumar Sangakkara,2,3,0,0,66.66,out,T20I # 170
Australia Vs Sri Lanka,Sri Lanka,4,Tillakaratne Dilshan,20,12,2,1,166.66,out,T20I # 170
Australia Vs Sri Lanka,Sri Lanka,5,Angelo Mathews,8,4,2,0,200.00,out,T20I # 170
Australia Vs Sri Lanka,Sri Lanka,6,Dinesh Chandimal,19,24,1,0,79.16,out,T20I # 170
Australia Vs Sri Lanka,Sri Lanka,7,Chamara Kapugedera,12,15,1,0,80.00,out,T20I # 170
Australia Vs Sri Lanka,Sri Lanka,8,Suraj Randiv,2,2,0,0,100.00,out,T20I # 170
Australia Vs Sri Lanka,Sri Lanka,9,Lasith Malinga,1,8,0,0,12.50,out,T20I # 170
Australia Vs Sri Lanka,Sri Lanka,10,Ajantha Mendis,1,7,0,0,14.28,out,T20I # 170
Australia Vs Sri Lanka,Sri Lanka,11,Chanaka Welegedara,2,3,0,0,66.66,not_out,T20I # 170
Pakistan Vs South Africa,Pakistan,1,Kamran Akmal,37,33,3,2,112.12,out,T20I # 171
Pakistan Vs South Africa,Pakistan,2,Salman Butt,2,4,0,0,50.00,out,T20I # 171
Pakistan Vs South Africa,Pakistan,3,Khalid Latif,7,9,1,0,77.77,out,T20I # 171
Pakistan Vs South Africa,Pakistan,4,Mohammad Hafeez,1,5,0,0,20.00,out,T20I # 171
Pakistan Vs South Africa,Pakistan,5,Umar Akmal,51,33,2,4,154.54,out,T20I # 171
Pakistan Vs South Africa,Pakistan,6,Shahid Afridi,30,18,4,1,166.66,out,T20I # 171
Pakistan Vs South Africa,Pakistan,7,Abdul Razzaq,11,10,0,0,110.00,not_out,T20I # 171
Pakistan Vs South Africa,Pakistan,8,Misbah-ul-Haq,3,7,0,0,42.85,out,T20I # 171
Pakistan Vs South Africa,Pakistan,9,Abdur Rehman,2,1,0,0,200.00,not_out,T20I # 171
Pakistan Vs South Africa,South Africa,1,Herschelle Gibbs,3,9,0,0,33.33,out,T20I # 171
Pakistan Vs South Africa,South Africa,2,Graeme Smith,13,13,1,0,100.00,out,T20I # 171
Pakistan Vs South Africa,South Africa,3,Jacques Kallis,22,21,2,0,104.76,out,T20I # 171
Pakistan Vs South Africa,South Africa,4,AB de Villiers,53,41,1,2,129.26,out,T20I # 171
Pakistan Vs South Africa,South Africa,5,Jean-Paul Duminy,3,5,0,0,60.00,out,T20I # 171
Pakistan Vs South Africa,South Africa,6,Mark Boucher,12,14,1,0,85.71,out,T20I # 171
Pakistan Vs South Africa,South Africa,7,Albie Morkel,7,7,0,0,100.00,not_out,T20I # 171
Pakistan Vs South Africa,South Africa,8,Johan Botha,19,8,4,0,237.50,out,T20I # 171
Pakistan Vs South Africa,South Africa,9,Roelof van der Merwe,2,2,0,0,100.00,not_out,T20I # 171
New Zealand Vs England,New Zealand,1,Brendon McCullum,33,32,4,0,103.12,out,T20I # 172
New Zealand Vs England,New Zealand,2,Jesse Ryder,9,11,2,0,81.81,out,T20I # 172
New Zealand Vs England,New Zealand,3,Aaron Redmond,16,15,0,1,106.66,out,T20I # 172
New Zealand Vs England,New Zealand,4,Ross Taylor,44,33,0,2,133.33,out,T20I # 172
New Zealand Vs England,New Zealand,5,Scott Styris,31,19,3,1,163.15,out,T20I # 172
New Zealand Vs England,New Zealand,6,Gareth Hopkins,1,2,0,0,50.00,out,T20I # 172
New Zealand Vs England,New Zealand,7,Nathan McCullum,3,5,0,0,60.00,not_out,T20I # 172
New Zealand Vs England,New Zealand,8,Daniel Vettori,4,4,0,0,100.00,not_out,T20I # 172
New Zealand Vs England,England,1,Craig Kieswetter,15,12,1,1,125.00,out,T20I # 172
New Zealand Vs England,England,2,Michael Lumb,32,21,4,1,152.38,out,T20I # 172
New Zealand Vs England,England,3,Ravi Bopara,9,10,1,0,90.00,out,T20I # 172
New Zealand Vs England,England,4,Paul Collingwood,3,6,0,0,50.00,out,T20I # 172
New Zealand Vs England,England,5,Eoin Morgan,40,34,4,1,117.64,out,T20I # 172
New Zealand Vs England,England,6,Luke Wright,24,17,3,0,141.17,out,T20I # 172
New Zealand Vs England,England,7,Tim Bresnan,23,11,3,0,209.09,not_out,T20I # 172
New Zealand Vs England,England,8,Michael Yardy,0,2,0,0,0.00,out,T20I # 172
New Zealand Vs England,England,9,Graeme Swann,1,2,0,0,50.00,not_out,T20I # 172
India Vs Sri Lanka,India,1,Dinesh Karthik,13,12,2,0,108.33,out,T20I # 173
India Vs Sri Lanka,India,2,Gautam Gambhir,41,32,3,0,128.12,out,T20I # 173
India Vs Sri Lanka,India,3,Suresh Raina,63,47,7,1,134.04,out,T20I # 173
India Vs Sri Lanka,India,4,MS Dhoni,23,19,0,1,121.05,not_out,T20I # 173
India Vs Sri Lanka,India,5,Yuvraj Singh,1,2,0,0,50.00,out,T20I # 173
India Vs Sri Lanka,India,6,Yusuf Pathan,13,9,2,0,144.44,out,T20I # 173
India Vs Sri Lanka,Sri Lanka,1,Mahela Jayawardene,4,3,1,0,133.33,out,T20I # 173
India Vs Sri Lanka,Sri Lanka,2,Sanath Jayasuriya,0,5,0,0,0.00,out,T20I # 173
India Vs Sri Lanka,Sri Lanka,3,Tillakaratne Dilshan,33,26,5,0,126.92,out,T20I # 173
India Vs Sri Lanka,Sri Lanka,4,Kumar Sangakkara,46,33,2,3,139.39,out,T20I # 173
India Vs Sri Lanka,Sri Lanka,5,Angelo Mathews,46,37,3,2,124.32,out,T20I # 173
India Vs Sri Lanka,Sri Lanka,6,Chamara Kapugedera,37,16,2,3,231.25,not_out,T20I # 173
India Vs Sri Lanka,Sri Lanka,7,Thisara Perera,0,0,0,0,-,not_out,T20I # 173
West Indies Vs Australia,West Indies,1,Chris Gayle,4,2,1,0,200.00,out,T20I # 174
West Indies Vs Australia,West Indies,2,Shivnarine Chanderpaul,24,18,4,0,133.33,out,T20I # 174
West Indies Vs Australia,West Indies,3,Ramnaresh Sarwan,26,31,2,0,83.87,out,T20I # 174
West Indies Vs Australia,West Indies,4,Dwayne Bravo,6,9,0,0,66.66,out,T20I # 174
West Indies Vs Australia,West Indies,5,Narsingh Deonarine,0,2,0,0,0.00,out,T20I # 174
West Indies Vs Australia,West Indies,6,Denesh Ramdin,1,2,0,0,50.00,out,T20I # 174
West Indies Vs Australia,West Indies,7,Kieron Pollard,13,14,1,1,92.85,out,T20I # 174
West Indies Vs Australia,West Indies,8,Daren Sammy,0,1,0,0,0.00,out,T20I # 174
West Indies Vs Australia,West Indies,9,Jerome Taylor,3,7,0,0,42.85,out,T20I # 174
West Indies Vs Australia,West Indies,10,Nikita Miller,10,13,0,0,76.92,not_out,T20I # 174
West Indies Vs Australia,West Indies,11,Sulieman Benn,9,16,0,1,56.25,out,T20I # 174
West Indies Vs Australia,Australia,1,David Warner,25,12,4,1,208.33,out,T20I # 174
West Indies Vs Australia,Australia,2,Shane Watson,5,7,0,0,71.42,out,T20I # 174
West Indies Vs Australia,Australia,3,Michael Clarke,16,24,0,0,66.66,out,T20I # 174
West Indies Vs Australia,Australia,4,Brad Haddin,42,46,5,0,91.30,out,T20I # 174
West Indies Vs Australia,Australia,5,David Hussey,10,9,1,0,111.11,not_out,T20I # 174
West Indies Vs Australia,Australia,6,Cameron White,0,0,0,0,-,not_out,T20I # 174
Sri Lanka Vs England,Sri Lanka,1,Mahela Jayawardene,10,9,1,0,111.11,out,T20I # 175
Sri Lanka Vs England,Sri Lanka,2,Sanath Jayasuriya,1,4,0,0,25.00,out,T20I # 175
Sri Lanka Vs England,Sri Lanka,3,Tillakaratne Dilshan,9,8,2,0,112.50,out,T20I # 175
Sri Lanka Vs England,Sri Lanka,4,Kumar Sangakkara,16,19,2,0,84.21,out,T20I # 175
Sri Lanka Vs England,Sri Lanka,5,Angelo Mathews,58,45,3,1,128.88,out,T20I # 175
Sri Lanka Vs England,Sri Lanka,6,Chamara Kapugedera,16,27,2,0,59.25,out,T20I # 175
Sri Lanka Vs England,Sri Lanka,7,Thisara Perera,7,8,0,0,87.50,not_out,T20I # 175
Sri Lanka Vs England,Sri Lanka,8,Chinthaka Jayasinghe,2,1,0,0,200.00,not_out,T20I # 175
Sri Lanka Vs England,England,1,Craig Kieswetter,39,29,5,2,134.48,out,T20I # 175
Sri Lanka Vs England,England,2,Michael Lumb,33,26,4,1,126.92,out,T20I # 175
Sri Lanka Vs England,England,3,Kevin Pietersen,42,26,3,2,161.53,not_out,T20I # 175
Sri Lanka Vs England,England,4,Paul Collingwood,10,13,0,0,76.92,out,T20I # 175
Sri Lanka Vs England,England,5,Eoin Morgan,2,2,0,0,100.00,not_out,T20I # 175
Pakistan Vs Australia,Pakistan,1,Kamran Akmal,50,34,6,2,147.05,out,T20I # 176
Pakistan Vs Australia,Pakistan,2,Salman Butt,32,30,4,0,106.66,out,T20I # 176
Pakistan Vs Australia,Pakistan,3,Umar Akmal,56,35,2,4,160.00,not_out,T20I # 176
Pakistan Vs Australia,Pakistan,4,Shahid Afridi,8,9,0,0,88.88,out,T20I # 176
Pakistan Vs Australia,Pakistan,5,Khalid Latif,13,6,1,1,216.66,out,T20I # 176
Pakistan Vs Australia,Pakistan,6,Abdul Razzaq,12,7,0,1,171.42,out,T20I # 176
Pakistan Vs Australia,Pakistan,7,Misbah-ul-Haq,0,0,0,0,-,out,T20I # 176
Pakistan Vs Australia,Australia,1,David Warner,0,2,0,0,0.00,out,T20I # 176
Pakistan Vs Australia,Australia,2,Shane Watson,16,9,2,1,177.77,out,T20I # 176
Pakistan Vs Australia,Australia,3,Brad Haddin,25,20,2,1,125.00,out,T20I # 176
Pakistan Vs Australia,Australia,4,Michael Clarke,17,19,2,0,89.47,out,T20I # 176
Pakistan Vs Australia,Australia,5,David Hussey,13,9,0,1,144.44,out,T20I # 176
Pakistan Vs Australia,Australia,6,Cameron White,43,31,0,5,138.70,out,T20I # 176
Pakistan Vs Australia,Australia,7,Michael Hussey,60,24,3,6,250.00,not_out,T20I # 176
Pakistan Vs Australia,Australia,8,Steven Smith,5,4,1,0,125.00,out,T20I # 176
Pakistan Vs Australia,Australia,9,Mitchell Johnson,5,3,1,0,166.66,not_out,T20I # 176
Australia Vs England,Australia,1,Shane Watson,2,3,0,0,66.66,out,T20I # 177
Australia Vs England,Australia,2,David Warner,2,4,0,0,50.00,out,T20I # 177
Australia Vs England,Australia,3,Michael Clarke,27,27,2,0,100.00,out,T20I # 177
Australia Vs England,Australia,4,Brad Haddin,1,2,0,0,50.00,out,T20I # 177
Australia Vs England,Australia,5,David Hussey,59,54,2,2,109.25,out,T20I # 177
Australia Vs England,Australia,6,Cameron White,30,19,4,1,157.89,out,T20I # 177
Australia Vs England,Australia,7,Michael Hussey,17,10,2,0,170.00,not_out,T20I # 177
Australia Vs England,Australia,8,Steven Smith,1,2,0,0,50.00,not_out,T20I # 177
Australia Vs England,England,1,Michael Lumb,2,4,0,0,50.00,out,T20I # 177
Australia Vs England,England,2,Craig Kieswetter,63,49,7,2,128.57,out,T20I # 177
Australia Vs England,England,3,Kevin Pietersen,47,31,4,1,151.61,out,T20I # 177
Australia Vs England,England,4,Paul Collingwood,12,5,1,1,240.00,not_out,T20I # 177
Australia Vs England,England,5,Eoin Morgan,15,13,0,1,115.38,not_out,T20I # 177
South Africa Vs West Indies,South Africa,1,Graeme Smith,37,31,3,1,119.35,out,T20I # 178
South Africa Vs West Indies,South Africa,2,Loots Bosman,7,12,0,0,58.33,out,T20I # 178
South Africa Vs West Indies,South Africa,3,Jacques Kallis,53,45,1,3,117.77,out,T20I # 178
South Africa Vs West Indies,South Africa,4,AB de Villiers,11,14,0,0,78.57,out,T20I # 178
South Africa Vs West Indies,South Africa,5,Jean-Paul Duminy,0,1,0,0,0.00,out,T20I # 178
South Africa Vs West Indies,South Africa,6,Johan Botha,0,2,0,0,0.00,out,T20I # 178
South Africa Vs West Indies,South Africa,7,Alviro Petersen,6,7,1,0,85.71,out,T20I # 178
South Africa Vs West Indies,South Africa,8,Ryan McLaren,6,6,0,0,100.00,not_out,T20I # 178
South Africa Vs West Indies,South Africa,9,Roelof van der Merwe,4,3,0,0,133.33,not_out,T20I # 178
South Africa Vs West Indies,West Indies,1,Chris Gayle,14,16,2,0,87.50,out,T20I # 178
South Africa Vs West Indies,West Indies,2,Andre Fletcher,0,3,0,0,0.00,out,T20I # 178
South Africa Vs West Indies,West Indies,3,Dwayne Bravo,20,22,2,0,90.90,out,T20I # 178
South Africa Vs West Indies,West Indies,4,Ramnaresh Sarwan,13,20,1,0,65.00,out,T20I # 178
South Africa Vs West Indies,West Indies,5,Narsingh Deonarine,0,0,0,0,-,out,T20I # 178
South Africa Vs West Indies,West Indies,6,Kieron Pollard,27,17,2,1,158.82,out,T20I # 178
South Africa Vs West Indies,West Indies,7,Daren Sammy,17,28,1,0,60.71,out,T20I # 178
South Africa Vs West Indies,West Indies,8,Nikita Miller,5,6,0,0,83.33,out,T20I # 178
South Africa Vs West Indies,West Indies,9,Jerome Taylor,7,2,0,1,350.00,out,T20I # 178
South Africa Vs West Indies,West Indies,10,Sulieman Benn,4,4,1,0,100.00,out,T20I # 178
South Africa Vs West Indies,West Indies,11,Kemar Roach,3,2,0,0,150.00,not_out,T20I # 178
South Africa Vs West Indies,South Africa,1,Graeme Smith,15,18,2,0,83.33,out,T20I # 179
South Africa Vs West Indies,South Africa,2,Loots Bosman,0,3,0,0,0.00,out,T20I # 179
South Africa Vs West Indies,South Africa,3,AB de Villiers,19,17,1,1,111.76,out,T20I # 179
South Africa Vs West Indies,South Africa,4,Jean-Paul Duminy,13,20,1,0,65.00,out,T20I # 179
South Africa Vs West Indies,South Africa,5,Alviro Petersen,8,12,0,0,66.66,out,T20I # 179
South Africa Vs West Indies,South Africa,6,David Miller,33,26,0,2,126.92,out,T20I # 179
South Africa Vs West Indies,South Africa,7,Johan Botha,23,22,0,2,104.54,out,T20I # 179
South Africa Vs West Indies,South Africa,8,Ryan McLaren,1,2,0,0,50.00,not_out,T20I # 179
South Africa Vs West Indies,West Indies,1,Chris Gayle,0,2,0,0,0.00,out,T20I # 179
South Africa Vs West Indies,West Indies,2,Andre Fletcher,4,11,0,0,36.36,out,T20I # 179
South Africa Vs West Indies,West Indies,3,Dwayne Bravo,40,42,1,2,95.23,out,T20I # 179
South Africa Vs West Indies,West Indies,4,Shivnarine Chanderpaul,29,37,2,1,78.37,out,T20I # 179
South Africa Vs West Indies,West Indies,5,Kieron Pollard,12,13,1,0,92.30,out,T20I # 179
South Africa Vs West Indies,West Indies,6,Ramnaresh Sarwan,6,6,1,0,100.00,out,T20I # 179
South Africa Vs West Indies,West Indies,7,Daren Sammy,12,6,1,0,200.00,not_out,T20I # 179
South Africa Vs West Indies,West Indies,8,Narsingh Deonarine,3,2,0,0,150.00,out,T20I # 179
South Africa Vs West Indies,West Indies,9,Jerome Taylor,1,1,0,0,100.00,not_out,T20I # 179
New Zealand Vs Sri Lanka,New Zealand,1,Brendon McCullum,18,13,2,1,138.46,out,T20I # 180
New Zealand Vs Sri Lanka,New Zealand,2,Aaron Redmond,8,10,1,0,80.00,out,T20I # 180
New Zealand Vs Sri Lanka,New Zealand,3,Rob Nicol,10,15,1,0,66.66,out,T20I # 180
New Zealand Vs Sri Lanka,New Zealand,4,Ross Taylor,27,30,3,0,90.00,out,T20I # 180
New Zealand Vs Sri Lanka,New Zealand,5,Scott Styris,10,12,0,0,83.33,out,T20I # 180
New Zealand Vs Sri Lanka,New Zealand,6,Daniel Vettori,21,16,1,0,131.25,not_out,T20I # 180
New Zealand Vs Sri Lanka,New Zealand,7,Martin Guptill,10,10,0,0,100.00,out,T20I # 180
New Zealand Vs Sri Lanka,New Zealand,8,Nathan McCullum,9,12,0,0,75.00,out,T20I # 180
New Zealand Vs Sri Lanka,New Zealand,9,Kyle Mills,2,2,0,0,100.00,not_out,T20I # 180
New Zealand Vs Sri Lanka,Sri Lanka,1,Mahela Jayawardene,0,2,0,0,0.00,out,T20I # 180
New Zealand Vs Sri Lanka,Sri Lanka,2,Tillakaratne Dilshan,6,7,1,0,85.71,out,T20I # 180
New Zealand Vs Sri Lanka,Sri Lanka,3,Kumar Sangakkara,17,25,1,0,68.00,out,T20I # 180
New Zealand Vs Sri Lanka,Sri Lanka,4,Angelo Mathews,27,31,1,1,87.09,out,T20I # 180
New Zealand Vs Sri Lanka,Sri Lanka,5,Chamara Kapugedera,7,11,0,0,63.63,out,T20I # 180
New Zealand Vs Sri Lanka,Sri Lanka,6,Chinthaka Jayasinghe,9,20,0,0,45.00,not_out,T20I # 180
New Zealand Vs Sri Lanka,Sri Lanka,7,Thisara Perera,3,5,0,0,60.00,out,T20I # 180
New Zealand Vs Sri Lanka,Sri Lanka,8,Nuwan Kulasekara,6,7,1,0,85.71,out,T20I # 180
New Zealand Vs Sri Lanka,Sri Lanka,9,Suraj Randiv,6,4,1,0,150.00,out,T20I # 180
New Zealand Vs Sri Lanka,Sri Lanka,10,Lasith Malinga,0,2,0,0,0.00,out,T20I # 180
New Zealand Vs Sri Lanka,Sri Lanka,11,Ajantha Mendis,2,5,0,0,40.00,out,T20I # 180
New Zealand Vs Sri Lanka,New Zealand,1,Brendon McCullum,1,7,0,0,14.28,out,T20I # 181
New Zealand Vs Sri Lanka,New Zealand,2,Aaron Redmond,1,2,0,0,50.00,out,T20I # 181
New Zealand Vs Sri Lanka,New Zealand,3,Ross Taylor,5,5,0,0,100.00,out,T20I # 181
New Zealand Vs Sri Lanka,New Zealand,4,Rob Nicol,0,1,0,0,0.00,out,T20I # 181
New Zealand Vs Sri Lanka,New Zealand,5,Daniel Vettori,27,24,2,0,112.50,out,T20I # 181
New Zealand Vs Sri Lanka,New Zealand,6,Gareth Hopkins,1,8,0,0,12.50,out,T20I # 181
New Zealand Vs Sri Lanka,New Zealand,7,Nathan McCullum,36,39,2,0,92.30,not_out,T20I # 181
New Zealand Vs Sri Lanka,New Zealand,8,Jacob Oram,3,7,0,0,42.85,out,T20I # 181
New Zealand Vs Sri Lanka,New Zealand,9,Kyle Mills,0,2,0,0,0.00,out,T20I # 181
New Zealand Vs Sri Lanka,New Zealand,10,Tim Southee,4,9,0,0,44.44,out,T20I # 181
New Zealand Vs Sri Lanka,New Zealand,11,Andy McKay,0,1,0,0,0.00,out,T20I # 181
New Zealand Vs Sri Lanka,Sri Lanka,1,Mahela Jayawardene,17,12,2,1,141.66,out,T20I # 181
New Zealand Vs Sri Lanka,Sri Lanka,2,Tillakaratne Dilshan,33,49,2,0,67.34,not_out,T20I # 181
New Zealand Vs Sri Lanka,Sri Lanka,3,Thisara Perera,24,17,2,1,141.17,out,T20I # 181
New Zealand Vs Sri Lanka,Sri Lanka,4,Kumar Sangakkara,5,11,0,0,45.45,out,T20I # 181
New Zealand Vs Sri Lanka,Sri Lanka,5,Angelo Mathews,0,4,0,0,0.00,not_out,T20I # 181
Zimbabwe Vs India,Zimbabwe,1,Hamilton Masakadza,1,3,0,0,33.33,out,T20I # 182
Zimbabwe Vs India,Zimbabwe,2,Brendan Taylor,15,9,2,1,166.66,out,T20I # 182
Zimbabwe Vs India,Zimbabwe,3,Chamu Chibhabha,40,30,5,1,133.33,out,T20I # 182
Zimbabwe Vs India,Zimbabwe,4,Tatenda Taibu,4,6,0,0,66.66,out,T20I # 182
Zimbabwe Vs India,Zimbabwe,5,Craig Ervine,30,42,2,0,71.42,out,T20I # 182
Zimbabwe Vs India,Zimbabwe,6,Elton Chigumbura,3,9,0,0,33.33,out,T20I # 182
Zimbabwe Vs India,Zimbabwe,7,Greg Lamb,0,1,0,0,0.00,out,T20I # 182
Zimbabwe Vs India,Zimbabwe,8,Prosper Utseya,6,15,0,0,40.00,out,T20I # 182
Zimbabwe Vs India,Zimbabwe,9,Ray Price,2,3,0,0,66.66,out,T20I # 182
Zimbabwe Vs India,Zimbabwe,10,Ed Rainsford,1,2,0,0,50.00,not_out,T20I # 182
Zimbabwe Vs India,Zimbabwe,11,Chris Mpofu,3,2,0,0,150.00,not_out,T20I # 182
Zimbabwe Vs India,India,1,Murali Vijay,5,5,1,0,100.00,out,T20I # 182
Zimbabwe Vs India,India,2,Naman Ojha,2,9,0,0,22.22,out,T20I # 182
Zimbabwe Vs India,India,3,Suresh Raina,28,17,3,1,164.70,out,T20I # 182
Zimbabwe Vs India,India,4,Rohit Sharma,10,15,1,0,66.66,out,T20I # 182
Zimbabwe Vs India,India,5,Virat Kohli,26,21,3,1,123.80,not_out,T20I # 182
Zimbabwe Vs India,India,6,Yusuf Pathan,37,24,2,3,154.16,not_out,T20I # 182
Zimbabwe Vs India,Zimbabwe,1,Hamilton Masakadza,2,8,0,0,25.00,out,T20I # 183
Zimbabwe Vs India,Zimbabwe,2,Brendan Taylor,27,33,3,0,81.81,out,T20I # 183
Zimbabwe Vs India,Zimbabwe,3,Chamu Chibhabha,7,17,1,0,41.17,out,T20I # 183
Zimbabwe Vs India,Zimbabwe,4,Tatenda Taibu,45,40,2,0,112.50,not_out,T20I # 183
Zimbabwe Vs India,Zimbabwe,5,Charles Coventry,28,13,3,2,215.38,out,T20I # 183
Zimbabwe Vs India,Zimbabwe,6,Elton Chigumbura,18,6,1,2,300.00,out,T20I # 183
Zimbabwe Vs India,Zimbabwe,7,Greg Lamb,7,4,1,0,175.00,not_out,T20I # 183
Zimbabwe Vs India,India,1,Naman Ojha,10,18,2,0,55.55,out,T20I # 183
Zimbabwe Vs India,India,2,Murali Vijay,46,39,2,3,117.94,out,T20I # 183
Zimbabwe Vs India,India,3,Suresh Raina,72,44,6,2,163.63,not_out,T20I # 183
Zimbabwe Vs India,India,4,Yusuf Pathan,4,7,0,0,57.14,out,T20I # 183
Zimbabwe Vs India,India,5,Rohit Sharma,0,0,0,0,-,not_out,T20I # 183
Pakistan Vs Australia,Pakistan,1,Salman Butt,13,21,1,0,61.90,out,T20I # 184
Pakistan Vs Australia,Pakistan,2,Shahzaib Hasan,0,1,0,0,0.00,out,T20I # 184
Pakistan Vs Australia,Pakistan,3,Kamran Akmal,23,19,2,1,121.05,out,T20I # 184
Pakistan Vs Australia,Pakistan,4,Shoaib Malik,21,18,3,0,116.66,out,T20I # 184
Pakistan Vs Australia,Pakistan,5,Shahid Afridi,0,1,0,0,0.00,out,T20I # 184
Pakistan Vs Australia,Pakistan,6,Umar Akmal,64,31,7,3,206.45,out,T20I # 184
Pakistan Vs Australia,Pakistan,7,Abdul Razzaq,7,11,0,0,63.63,out,T20I # 184
Pakistan Vs Australia,Pakistan,8,Mohammad Amir,11,13,0,0,84.61,not_out,T20I # 184
Pakistan Vs Australia,Pakistan,9,Umar Gul,10,6,0,1,166.66,out,T20I # 184
Pakistan Vs Australia,Australia,1,David Warner,41,31,6,0,132.25,out,T20I # 184
Pakistan Vs Australia,Australia,2,Shane Watson,0,2,0,0,0.00,out,T20I # 184
Pakistan Vs Australia,Australia,3,Michael Clarke,5,6,0,0,83.33,out,T20I # 184
Pakistan Vs Australia,Australia,4,David Hussey,34,28,4,1,121.42,out,T20I # 184
Pakistan Vs Australia,Australia,5,Cameron White,17,13,1,1,130.76,out,T20I # 184
Pakistan Vs Australia,Australia,6,Michael Hussey,18,15,3,0,120.00,out,T20I # 184
Pakistan Vs Australia,Australia,7,Steven Smith,12,8,2,0,150.00,out,T20I # 184
Pakistan Vs Australia,Australia,8,Tim Paine,1,4,0,0,25.00,out,T20I # 184
Pakistan Vs Australia,Australia,9,Mitchell Johnson,3,3,0,0,100.00,out,T20I # 184
Pakistan Vs Australia,Australia,10,Dirk Nannes,0,0,0,0,-,not_out,T20I # 184
Pakistan Vs Australia,Australia,11,Shaun Tait,6,3,0,1,200.00,out,T20I # 184
Pakistan Vs Australia,Pakistan,1,Shahzaib Hasan,0,4,0,0,0.00,out,T20I # 185
Pakistan Vs Australia,Pakistan,2,Salman Butt,31,21,6,0,147.61,out,T20I # 185
Pakistan Vs Australia,Pakistan,3,Kamran Akmal,33,25,4,1,132.00,out,T20I # 185
Pakistan Vs Australia,Pakistan,4,Shoaib Malik,12,16,0,0,75.00,out,T20I # 185
Pakistan Vs Australia,Pakistan,5,Umar Akmal,25,21,4,0,119.04,out,T20I # 185
Pakistan Vs Australia,Pakistan,6,Shahid Afridi,18,13,2,1,138.46,out,T20I # 185
Pakistan Vs Australia,Pakistan,7,Abdul Razzaq,3,3,0,0,100.00,out,T20I # 185
Pakistan Vs Australia,Pakistan,8,Mohammad Amir,21,11,1,2,190.90,not_out,T20I # 185
Pakistan Vs Australia,Pakistan,9,Umar Gul,0,1,0,0,0.00,out,T20I # 185
Pakistan Vs Australia,Pakistan,10,Shoaib Akhtar,0,2,0,0,0.00,out,T20I # 185
Pakistan Vs Australia,Pakistan,11,Saeed Ajmal,6,4,1,0,150.00,not_out,T20I # 185
Pakistan Vs Australia,Australia,1,David Warner,1,3,0,0,33.33,out,T20I # 185
Pakistan Vs Australia,Australia,2,Michael Clarke,30,17,6,0,176.47,out,T20I # 185
Pakistan Vs Australia,Australia,3,Tim Paine,0,2,0,0,0.00,out,T20I # 185
Pakistan Vs Australia,Australia,4,James Hopes,30,28,3,0,107.14,out,T20I # 185
Pakistan Vs Australia,Australia,5,David Hussey,33,27,3,0,122.22,out,T20I # 185
Pakistan Vs Australia,Australia,6,Cameron White,7,8,1,0,87.50,out,T20I # 185
Pakistan Vs Australia,Australia,7,Michael Hussey,25,14,4,0,178.57,out,T20I # 185
Pakistan Vs Australia,Australia,8,Steve O'Keefe,5,8,1,0,62.50,out,T20I # 185
Pakistan Vs Australia,Australia,9,Mitchell Johnson,0,1,0,0,0.00,out,T20I # 185
Pakistan Vs Australia,Australia,10,Dirk Nannes,12,7,1,1,171.42,not_out,T20I # 185
Pakistan Vs Australia,Australia,11,Shaun Tait,2,4,0,0,50.00,out,T20I # 185
Pakistan Vs England,Pakistan,1,Kamran Akmal,6,4,0,0,150.00,out,T20I # 186
Pakistan Vs England,Pakistan,2,Shahzaib Hasan,21,25,2,0,84.00,out,T20I # 186
Pakistan Vs England,Pakistan,3,Mohammad Yousuf,26,18,3,0,144.44,out,T20I # 186
Pakistan Vs England,Pakistan,4,Fawad Alam,20,29,0,0,68.96,out,T20I # 186
Pakistan Vs England,Pakistan,5,Umar Akmal,35,30,2,0,116.66,not_out,T20I # 186
Pakistan Vs England,Pakistan,6,Shahid Afridi,16,14,1,0,114.28,not_out,T20I # 186
Pakistan Vs England,England,1,Craig Kieswetter,6,7,1,0,85.71,out,T20I # 186
Pakistan Vs England,England,2,Steven Davies,33,27,3,0,122.22,out,T20I # 186
Pakistan Vs England,England,3,Ravi Bopara,11,13,1,0,84.61,out,T20I # 186
Pakistan Vs England,England,4,Paul Collingwood,4,4,0,0,100.00,out,T20I # 186
Pakistan Vs England,England,5,Eoin Morgan,38,24,6,0,158.33,not_out,T20I # 186
Pakistan Vs England,England,6,Luke Wright,0,2,0,0,0.00,out,T20I # 186
Pakistan Vs England,England,7,Michael Yardy,35,26,4,0,134.61,not_out,T20I # 186
Pakistan Vs England,Pakistan,1,Kamran Akmal,11,10,2,0,110.00,out,T20I # 187
Pakistan Vs England,Pakistan,2,Shahzaib Hasan,3,8,0,0,37.50,out,T20I # 187
Pakistan Vs England,Pakistan,3,Mohammad Yousuf,4,6,0,0,66.66,out,T20I # 187
Pakistan Vs England,Pakistan,4,Umar Akmal,17,13,0,2,130.76,out,T20I # 187
Pakistan Vs England,Pakistan,5,Shahid Afridi,2,4,0,0,50.00,out,T20I # 187
Pakistan Vs England,Pakistan,6,Mohammad Hafeez,14,32,1,0,43.75,out,T20I # 187
Pakistan Vs England,Pakistan,7,Abdul Razzaq,11,20,1,0,55.00,out,T20I # 187
Pakistan Vs England,Pakistan,8,Fawad Alam,0,1,0,0,0.00,out,T20I # 187
Pakistan Vs England,Pakistan,9,Umar Gul,16,13,1,1,123.07,out,T20I # 187
Pakistan Vs England,Pakistan,10,Shoaib Akhtar,4,4,1,0,100.00,out,T20I # 187
Pakistan Vs England,Pakistan,11,Saeed Ajmal,0,1,0,0,0.00,not_out,T20I # 187
Pakistan Vs England,England,1,Craig Kieswetter,16,10,2,1,160.00,out,T20I # 187
Pakistan Vs England,England,2,Steven Davies,9,6,1,0,150.00,out,T20I # 187
Pakistan Vs England,England,3,Ravi Bopara,12,24,1,0,50.00,out,T20I # 187
Pakistan Vs England,England,4,Paul Collingwood,21,25,0,1,84.00,out,T20I # 187
Pakistan Vs England,England,5,Eoin Morgan,18,14,3,0,128.57,not_out,T20I # 187
Pakistan Vs England,England,6,Michael Yardy,6,6,0,0,100.00,not_out,T20I # 187
Zimbabwe Vs South Africa,Zimbabwe,1,Hamilton Masakadza,72,63,6,2,114.28,out,T20I # 188
Zimbabwe Vs South Africa,Zimbabwe,2,Brendan Taylor,0,5,0,0,0.00,out,T20I # 188
Zimbabwe Vs South Africa,Zimbabwe,3,Chamu Chibhabha,52,32,6,2,162.50,out,T20I # 188
Zimbabwe Vs South Africa,Zimbabwe,4,Elton Chigumbura,10,8,1,0,125.00,out,T20I # 188
Zimbabwe Vs South Africa,Zimbabwe,5,Charles Coventry,12,7,1,1,171.42,not_out,T20I # 188
Zimbabwe Vs South Africa,Zimbabwe,6,Keith Dabengwa,12,5,1,1,240.00,not_out,T20I # 188
Zimbabwe Vs South Africa,South Africa,1,Graeme Smith,58,29,9,2,200.00,out,T20I # 188
Zimbabwe Vs South Africa,South Africa,2,Loots Bosman,33,15,2,3,220.00,out,T20I # 188
Zimbabwe Vs South Africa,South Africa,3,Colin Ingram,3,5,0,0,60.00,out,T20I # 188
Zimbabwe Vs South Africa,South Africa,4,Jean-Paul Duminy,35,22,2,2,159.09,not_out,T20I # 188
Zimbabwe Vs South Africa,South Africa,5,David Miller,36,24,5,1,150.00,not_out,T20I # 188
South Africa Vs Zimbabwe,South Africa,1,Loots Bosman,5,3,1,0,166.66,out,T20I # 189
South Africa Vs Zimbabwe,South Africa,2,Graeme Smith,46,29,7,1,158.62,out,T20I # 189
South Africa Vs Zimbabwe,South Africa,3,Colin Ingram,12,8,3,0,150.00,out,T20I # 189
South Africa Vs Zimbabwe,South Africa,4,Jean-Paul Duminy,96,54,10,4,177.77,not_out,T20I # 189
South Africa Vs Zimbabwe,South Africa,5,David Miller,25,21,1,1,119.04,out,T20I # 189
South Africa Vs Zimbabwe,South Africa,6,Heino Kuhn,1,2,0,0,50.00,out,T20I # 189
South Africa Vs Zimbabwe,South Africa,7,Robin Peterson,1,2,0,0,50.00,out,T20I # 189
South Africa Vs Zimbabwe,South Africa,8,Johan Botha,1,1,0,0,100.00,not_out,T20I # 189
South Africa Vs Zimbabwe,Zimbabwe,1,Hamilton Masakadza,10,7,2,0,142.85,out,T20I # 189
South Africa Vs Zimbabwe,Zimbabwe,2,Brendan Taylor,59,39,4,3,151.28,out,T20I # 189
South Africa Vs Zimbabwe,Zimbabwe,3,Chamu Chibhabha,59,41,6,2,143.90,out,T20I # 189
South Africa Vs Zimbabwe,Zimbabwe,4,Charles Coventry,8,6,0,1,133.33,out,T20I # 189
South Africa Vs Zimbabwe,Zimbabwe,5,Elton Chigumbura,26,15,3,1,173.33,out,T20I # 189
South Africa Vs Zimbabwe,Zimbabwe,6,Keith Dabengwa,1,3,0,0,33.33,out,T20I # 189
South Africa Vs Zimbabwe,Zimbabwe,7,Tatenda Taibu,11,6,0,1,183.33,not_out,T20I # 189
South Africa Vs Zimbabwe,Zimbabwe,8,Shingi Masakadza,1,2,0,0,50.00,out,T20I # 189
South Africa Vs Zimbabwe,Zimbabwe,9,Graeme Cremer,2,2,0,0,100.00,not_out,T20I # 189
Pakistan Vs South Africa,Pakistan,1,Shahzaib Hasan,9,14,0,0,64.28,out,T20I # 190
Pakistan Vs South Africa,Pakistan,2,Imran Farhat,10,8,2,0,125.00,out,T20I # 190
Pakistan Vs South Africa,Pakistan,3,Mohammad Hafeez,13,17,2,0,76.47,out,T20I # 190
Pakistan Vs South Africa,Pakistan,4,Umar Akmal,14,21,1,0,66.66,out,T20I # 190
Pakistan Vs South Africa,Pakistan,5,Shahid Afridi,25,7,1,3,357.14,out,T20I # 190
Pakistan Vs South Africa,Pakistan,6,Misbah-ul-Haq,27,32,2,1,84.37,not_out,T20I # 190
Pakistan Vs South Africa,Pakistan,7,Abdul Razzaq,4,5,0,0,80.00,out,T20I # 190
Pakistan Vs South Africa,Pakistan,8,Zulqarnain Haider,1,4,0,0,25.00,out,T20I # 190
Pakistan Vs South Africa,Pakistan,9,Umar Gul,0,5,0,0,0.00,out,T20I # 190
Pakistan Vs South Africa,Pakistan,10,Saeed Ajmal,4,7,0,0,57.14,out,T20I # 190
Pakistan Vs South Africa,Pakistan,11,Shoaib Akhtar,3,2,0,0,150.00,out,T20I # 190
Pakistan Vs South Africa,South Africa,1,Graeme Smith,13,12,3,0,108.33,out,T20I # 190
Pakistan Vs South Africa,South Africa,2,Loots Bosman,2,4,0,0,50.00,out,T20I # 190
Pakistan Vs South Africa,South Africa,3,AB de Villiers,0,3,0,0,0.00,out,T20I # 190
Pakistan Vs South Africa,South Africa,4,Jean-Paul Duminy,41,46,5,0,89.13,out,T20I # 190
Pakistan Vs South Africa,South Africa,5,Colin Ingram,46,38,4,2,121.05,not_out,T20I # 190
Pakistan Vs South Africa,South Africa,6,David Miller,13,7,3,0,185.71,not_out,T20I # 190
Pakistan Vs South Africa,Pakistan,1,Shahzaib Hasan,6,6,1,0,100.00,out,T20I # 191
Pakistan Vs South Africa,Pakistan,2,Imran Farhat,9,12,1,0,75.00,out,T20I # 191
Pakistan Vs South Africa,Pakistan,3,Mohammad Hafeez,14,9,2,0,155.55,out,T20I # 191
Pakistan Vs South Africa,Pakistan,4,Misbah-ul-Haq,33,38,2,1,86.84,out,T20I # 191
Pakistan Vs South Africa,Pakistan,5,Umar Akmal,5,4,1,0,125.00,out,T20I # 191
Pakistan Vs South Africa,Pakistan,6,Shahid Afridi,3,3,0,0,100.00,out,T20I # 191
Pakistan Vs South Africa,Pakistan,7,Abdul Razzaq,25,29,0,2,86.20,out,T20I # 191
Pakistan Vs South Africa,Pakistan,8,Zulqarnain Haider,17,17,1,0,100.00,out,T20I # 191
Pakistan Vs South Africa,Pakistan,9,Umar Gul,0,1,0,0,0.00,out,T20I # 191
Pakistan Vs South Africa,Pakistan,10,Saeed Ajmal,1,1,0,0,100.00,not_out,T20I # 191
Pakistan Vs South Africa,South Africa,1,Graeme Smith,38,42,4,0,90.47,out,T20I # 191
Pakistan Vs South Africa,South Africa,2,Loots Bosman,11,16,2,0,68.75,out,T20I # 191
Pakistan Vs South Africa,South Africa,3,AB de Villiers,11,15,0,0,73.33,out,T20I # 191
Pakistan Vs South Africa,South Africa,4,Jean-Paul Duminy,20,16,0,2,125.00,not_out,T20I # 191
Pakistan Vs South Africa,South Africa,5,Colin Ingram,31,17,4,1,182.35,out,T20I # 191
Pakistan Vs South Africa,South Africa,6,David Miller,6,6,1,0,100.00,not_out,T20I # 191
Australia Vs Sri Lanka,Australia,1,David Warner,2,8,0,25.00,16,out,T20I # 192
Australia Vs Sri Lanka,Australia,2,Michael Clarke,19,1,84.21,4,7,out,T20I # 192
Australia Vs Sri Lanka,Australia,3,Shane Watson,0,0,7,10,0,out,T20I # 192
Australia Vs Sri Lanka,Australia,4,David Hussey,0,70.00,10,0,0,out,T20I # 192
Australia Vs Sri Lanka,Australia,5,Cameron White,80.00,35,3,1,116.66,out,T20I # 192
Australia Vs Sri Lanka,Australia,6,Brad Haddin,34,23,1,147.82,15,out,T20I # 192
Australia Vs Sri Lanka,Australia,7,Steven Smith,8,2,187.50,6,6,out,T20I # 192
Australia Vs Sri Lanka,Australia,8,John Hastings,1,0,4,0,29,out,T20I # 192
Australia Vs Sri Lanka,Australia,9,Clint McKay,7.25,10,1,0,0,not_out,T20I # 192
Australia Vs Sri Lanka,Sri Lanka,1,Mahela Jayawardene,120.58,2,0,0,66.66,out,T20I # 192
Australia Vs Sri Lanka,Sri Lanka,2,Tillakaratne Dilshan,44,43,0,102.32,17,out,T20I # 192
Australia Vs Sri Lanka,Sri Lanka,3,Dinesh Chandimal,4,1,425.00,4,1,out,T20I # 192
Australia Vs Sri Lanka,Sri Lanka,4,Kumar Sangakkara,19,4.75,2,0,1,not_out,T20I # 192
Australia Vs Sri Lanka,Sri Lanka,5,Thisara Perera,1,3,28,9.33,6,not_out,T20I # 192
Pakistan Vs New Zealand,Pakistan,1,Mohammad Hafeez,24,21,4,0,114.28,out,T20I # 193
Pakistan Vs New Zealand,Pakistan,2,Shahid Afridi,20,12,1,2,166.66,out,T20I # 193
Pakistan Vs New Zealand,Pakistan,3,Ahmed Shehzad,14,7,2,1,200.00,out,T20I # 193
Pakistan Vs New Zealand,Pakistan,4,Younis Khan,2,5,0,0,40.00,out,T20I # 193
Pakistan Vs New Zealand,Pakistan,5,Fawad Alam,9,11,1,0,81.81,out,T20I # 193
Pakistan Vs New Zealand,Pakistan,6,Umar Akmal,0,1,0,0,0.00,out,T20I # 193
Pakistan Vs New Zealand,Pakistan,7,Abdul Razzaq,1,5,0,0,20.00,out,T20I # 193
Pakistan Vs New Zealand,Pakistan,8,Umar Gul,30,31,3,1,96.77,out,T20I # 193
Pakistan Vs New Zealand,Pakistan,9,Wahab Riaz,30,21,2,2,142.85,not_out,T20I # 193
Pakistan Vs New Zealand,Pakistan,10,Saeed Ajmal,1,2,0,0,50.00,out,T20I # 193
Pakistan Vs New Zealand,Pakistan,11,Shoaib Akhtar,8,4,0,1,200.00,not_out,T20I # 193
Pakistan Vs New Zealand,New Zealand,1,Jesse Ryder,6,5,1,0,120.00,out,T20I # 193
Pakistan Vs New Zealand,New Zealand,2,Martin Guptill,54,29,4,4,186.20,out,T20I # 193
Pakistan Vs New Zealand,New Zealand,3,Dean Brownlie,5,5,1,0,100.00,out,T20I # 193
Pakistan Vs New Zealand,New Zealand,4,Scott Styris,7,8,0,1,87.50,out,T20I # 193
Pakistan Vs New Zealand,New Zealand,5,Ross Taylor,39,31,2,3,125.80,not_out,T20I # 193
Pakistan Vs New Zealand,New Zealand,6,James Franklin,19,17,2,1,111.76,out,T20I # 193
Pakistan Vs New Zealand,New Zealand,7,Peter McGlashan,5,8,1,0,62.50,not_out,T20I # 193
New Zealand Vs Pakistan,New Zealand,1,Jesse Ryder,0,1,0,0,0.00,out,T20I # 194
New Zealand Vs Pakistan,New Zealand,2,Martin Guptill,44,28,3,3,157.14,out,T20I # 194
New Zealand Vs Pakistan,New Zealand,3,James Franklin,40,43,2,1,93.02,out,T20I # 194
New Zealand Vs Pakistan,New Zealand,4,Ross Taylor,30,21,1,2,142.85,not_out,T20I # 194
New Zealand Vs Pakistan,New Zealand,5,Scott Styris,34,14,3,3,242.85,out,T20I # 194
New Zealand Vs Pakistan,New Zealand,6,Peter McGlashan,26,10,3,2,260.00,out,T20I # 194
New Zealand Vs Pakistan,New Zealand,7,Nathan McCullum,1,3,0,0,33.33,out,T20I # 194
New Zealand Vs Pakistan,New Zealand,8,Kyle Mills,0,1,0,0,0.00,out,T20I # 194
New Zealand Vs Pakistan,Pakistan,1,Mohammad Hafeez,46,30,5,2,153.33,out,T20I # 194
New Zealand Vs Pakistan,Pakistan,2,Shahid Afridi,7,4,0,1,175.00,out,T20I # 194
New Zealand Vs Pakistan,Pakistan,3,Ahmed Shehzad,15,14,2,0,107.14,out,T20I # 194
New Zealand Vs Pakistan,Pakistan,4,Umar Akmal,26,32,0,1,81.25,out,T20I # 194
New Zealand Vs Pakistan,Pakistan,5,Younis Khan,3,4,0,0,75.00,out,T20I # 194
New Zealand Vs Pakistan,Pakistan,6,Asad Shafiq,6,11,0,0,54.54,out,T20I # 194
New Zealand Vs Pakistan,Pakistan,7,Abdul Razzaq,14,8,0,2,175.00,out,T20I # 194
New Zealand Vs Pakistan,Pakistan,8,Umar Gul,0,1,0,0,0.00,out,T20I # 194
New Zealand Vs Pakistan,Pakistan,9,Wahab Riaz,18,13,1,1,138.46,out,T20I # 194
New Zealand Vs Pakistan,Pakistan,10,Shoaib Akhtar,5,3,1,0,166.66,not_out,T20I # 194
New Zealand Vs Pakistan,Pakistan,11,Saeed Ajmal,0,0,0,0,-,not_out,T20I # 194
Pakistan Vs New Zealand,Pakistan,1,Ahmed Shehzad,54,34,10,0,158.82,out,T20I # 195
Pakistan Vs New Zealand,Pakistan,2,Mohammad Hafeez,34,23,5,1,147.82,out,T20I # 195
Pakistan Vs New Zealand,Pakistan,3,Asad Shafiq,8,15,0,0,53.33,out,T20I # 195
Pakistan Vs New Zealand,Pakistan,4,Younis Khan,5,9,0,0,55.55,out,T20I # 195
Pakistan Vs New Zealand,Pakistan,5,Umar Akmal,30,19,3,1,157.89,out,T20I # 195
Pakistan Vs New Zealand,Pakistan,6,Shahid Afridi,14,9,1,1,155.55,out,T20I # 195
Pakistan Vs New Zealand,Pakistan,7,Abdul Razzaq,34,11,3,3,309.09,not_out,T20I # 195
Pakistan Vs New Zealand,Pakistan,8,Wahab Riaz,0,0,0,0,-,not_out,T20I # 195
Pakistan Vs New Zealand,New Zealand,1,Jesse Ryder,0,5,0,0,0.00,out,T20I # 195
Pakistan Vs New Zealand,New Zealand,2,Martin Guptill,0,2,0,0,0.00,out,T20I # 195
Pakistan Vs New Zealand,New Zealand,3,Dean Brownlie,0,5,0,0,0.00,out,T20I # 195
Pakistan Vs New Zealand,New Zealand,4,Ross Taylor,0,3,0,0,0.00,out,T20I # 195
Pakistan Vs New Zealand,New Zealand,5,James Franklin,3,8,0,0,37.50,out,T20I # 195
Pakistan Vs New Zealand,New Zealand,6,Scott Styris,45,34,6,1,132.35,out,T20I # 195
Pakistan Vs New Zealand,New Zealand,7,Peter McGlashan,7,13,1,0,53.84,out,T20I # 195
Pakistan Vs New Zealand,New Zealand,8,Nathan McCullum,8,10,1,0,80.00,out,T20I # 195
Pakistan Vs New Zealand,New Zealand,9,Kyle Mills,7,9,1,0,77.77,out,T20I # 195
Pakistan Vs New Zealand,New Zealand,10,Tim Southee,0,1,0,0,0.00,out,T20I # 195
Pakistan Vs New Zealand,New Zealand,11,Adam Milne,3,7,0,0,42.85,not_out,T20I # 195
